metric,arm1,arm2,cohens_d,sig
ssim,arm_a_l2,arm_b_nll,1.143,***
ssim,arm_a_l2,arm_c_nll_ssim,2.383,***
ssim,arm_a_l2,arm_d_nll_ssim_ffl,1.162,***
ssim,arm_a_l2,arm_e_ppvae,3.041,***
ssim,arm_a_l2,arm_f_kl_cyc,1.716,***
ssim,arm_a_l2,arm_g_kl_fb,2.282,***
ssim,arm_a_l2,arm_h_kl_cyc_fb,1.889,***
ssim,arm_a_l2,arm_i_l1,0.133,n.s.
ssim,arm_a_l2,arm_j_l1_ssim_ffl,0.155,n.s.
ssim,arm_a_l2,arm_k_nll_l1,1.39,***
ssim,arm_a_l2,arm_l_nll_edge_ffl,1.489,***
ssim,arm_a_l2,arm_m_full_det,3.008,***
ssim,arm_a_l2,arm_n_perc,2.354,***
ssim,arm_a_l2,arm_o_prelu,4.081,***
ssim,arm_a_l2,arm_p_best,3.063,***
ssim,arm_a_l2,ffdnet,2.15,***
ssim,arm_a_l2,ircnn,2.227,***
ssim,arm_a_l2,drunet,1.582,***
ssim,arm_a_l2,swinir,4.274,***
ssim,arm_a_l2,dncnn_baseline,3.231,***
ssim,arm_b_nll,arm_c_nll_ssim,1.276,***
ssim,arm_b_nll,arm_d_nll_ssim_ffl,0.019,n.s.
ssim,arm_b_nll,arm_e_ppvae,1.967,***
ssim,arm_b_nll,arm_f_kl_cyc,0.628,***
ssim,arm_b_nll,arm_g_kl_fb,1.16,***
ssim,arm_b_nll,arm_h_kl_cyc_fb,0.781,***
ssim,arm_b_nll,arm_i_l1,-1.017,***
ssim,arm_b_nll,arm_j_l1_ssim_ffl,-1.005,***
ssim,arm_b_nll,arm_k_nll_l1,0.244,**
ssim,arm_b_nll,arm_l_nll_edge_ffl,0.343,***
ssim,arm_b_nll,arm_m_full_det,1.885,***
ssim,arm_b_nll,arm_n_perc,1.236,***
ssim,arm_b_nll,arm_o_prelu,3.444,***
ssim,arm_b_nll,arm_p_best,1.951,***
ssim,arm_b_nll,ffdnet,1.049,***
ssim,arm_b_nll,ircnn,1.104,***
ssim,arm_b_nll,drunet,1.117,***
ssim,arm_b_nll,swinir,3.117,***
ssim,arm_b_nll,dncnn_baseline,1.963,***
ssim,arm_c_nll_ssim,arm_d_nll_ssim_ffl,-1.257,***
ssim,arm_c_nll_ssim,arm_e_ppvae,0.707,***
ssim,arm_c_nll_ssim,arm_f_kl_cyc,-0.615,***
ssim,arm_c_nll_ssim,arm_g_kl_fb,-0.127,n.s.
ssim,arm_c_nll_ssim,arm_h_kl_cyc_fb,-0.484,***
ssim,arm_c_nll_ssim,arm_i_l1,-2.265,***
ssim,arm_c_nll_ssim,arm_j_l1_ssim_ffl,-2.261,***
ssim,arm_c_nll_ssim,arm_k_nll_l1,-1.041,***
ssim,arm_c_nll_ssim,arm_l_nll_edge_ffl,-0.946,***
ssim,arm_c_nll_ssim,arm_m_full_det,0.581,***
ssim,arm_c_nll_ssim,arm_n_perc,-0.049,n.s.
ssim,arm_c_nll_ssim,arm_o_prelu,2.641,***
ssim,arm_c_nll_ssim,arm_p_best,0.656,***
ssim,arm_c_nll_ssim,ffdnet,-0.216,*
ssim,arm_c_nll_ssim,ircnn,-0.182,n.s.
ssim,arm_c_nll_ssim,drunet,0.532,***
ssim,arm_c_nll_ssim,swinir,1.756,***
ssim,arm_c_nll_ssim,dncnn_baseline,0.524,***
ssim,arm_d_nll_ssim_ffl,arm_e_ppvae,1.947,***
ssim,arm_d_nll_ssim_ffl,arm_f_kl_cyc,0.61,***
ssim,arm_d_nll_ssim_ffl,arm_g_kl_fb,1.14,***
ssim,arm_d_nll_ssim_ffl,arm_h_kl_cyc_fb,0.762,***
ssim,arm_d_nll_ssim_ffl,arm_i_l1,-1.035,***
ssim,arm_d_nll_ssim_ffl,arm_j_l1_ssim_ffl,-1.023,***
ssim,arm_d_nll_ssim_ffl,arm_k_nll_l1,0.225,*
ssim,arm_d_nll_ssim_ffl,arm_l_nll_edge_ffl,0.323,***
ssim,arm_d_nll_ssim_ffl,arm_m_full_det,1.865,***
ssim,arm_d_nll_ssim_ffl,arm_n_perc,1.217,***
ssim,arm_d_nll_ssim_ffl,arm_o_prelu,3.432,***
ssim,arm_d_nll_ssim_ffl,arm_p_best,1.931,***
ssim,arm_d_nll_ssim_ffl,ffdnet,1.03,***
ssim,arm_d_nll_ssim_ffl,ircnn,1.085,***
ssim,arm_d_nll_ssim_ffl,drunet,1.109,***
ssim,arm_d_nll_ssim_ffl,swinir,3.096,***
ssim,arm_d_nll_ssim_ffl,dncnn_baseline,1.94,***
ssim,arm_e_ppvae,arm_f_kl_cyc,-1.301,***
ssim,arm_e_ppvae,arm_g_kl_fb,-0.837,***
ssim,arm_e_ppvae,arm_h_kl_cyc_fb,-1.181,***
ssim,arm_e_ppvae,arm_i_l1,-2.93,***
ssim,arm_e_ppvae,arm_j_l1_ssim_ffl,-2.928,***
ssim,arm_e_ppvae,arm_k_nll_l1,-1.738,***
ssim,arm_e_ppvae,arm_l_nll_edge_ffl,-1.646,***
ssim,arm_e_ppvae,arm_m_full_det,-0.145,n.s.
ssim,arm_e_ppvae,arm_n_perc,-0.759,***
ssim,arm_e_ppvae,arm_o_prelu,2.158,***
ssim,arm_e_ppvae,arm_p_best,-0.066,n.s.
ssim,arm_e_ppvae,ffdnet,-0.916,***
ssim,arm_e_ppvae,ircnn,-0.892,***
ssim,arm_e_ppvae,drunet,0.177,n.s.
ssim,arm_e_ppvae,swinir,0.992,***
ssim,arm_e_ppvae,dncnn_baseline,-0.259,**
ssim,arm_f_kl_cyc,arm_g_kl_fb,0.496,***
ssim,arm_f_kl_cyc,arm_h_kl_cyc_fb,0.138,n.s.
ssim,arm_f_kl_cyc,arm_i_l1,-1.599,***
ssim,arm_f_kl_cyc,arm_j_l1_ssim_ffl,-1.59,***
ssim,arm_f_kl_cyc,arm_k_nll_l1,-0.396,***
ssim,arm_f_kl_cyc,arm_l_nll_edge_ffl,-0.302,***
ssim,arm_f_kl_cyc,arm_m_full_det,1.196,***
ssim,arm_f_kl_cyc,arm_n_perc,0.572,***
ssim,arm_f_kl_cyc,arm_o_prelu,3.02,***
ssim,arm_f_kl_cyc,arm_p_best,1.266,***
ssim,arm_f_kl_cyc,ffdnet,0.399,***
ssim,arm_f_kl_cyc,ircnn,0.441,***
ssim,arm_f_kl_cyc,drunet,0.825,***
ssim,arm_f_kl_cyc,swinir,2.371,***
ssim,arm_f_kl_cyc,dncnn_baseline,1.194,***
ssim,arm_g_kl_fb,arm_h_kl_cyc_fb,-0.362,***
ssim,arm_g_kl_fb,arm_i_l1,-2.162,***
ssim,arm_g_kl_fb,arm_j_l1_ssim_ffl,-2.157,***
ssim,arm_g_kl_fb,arm_k_nll_l1,-0.922,***
ssim,arm_g_kl_fb,arm_l_nll_edge_ffl,-0.826,***
ssim,arm_g_kl_fb,arm_m_full_det,0.715,***
ssim,arm_g_kl_fb,arm_n_perc,0.079,n.s.
ssim,arm_g_kl_fb,arm_o_prelu,2.73,***
ssim,arm_g_kl_fb,arm_p_best,0.79,***
ssim,arm_g_kl_fb,ffdnet,-0.092,n.s.
ssim,arm_g_kl_fb,ircnn,-0.056,n.s.
ssim,arm_g_kl_fb,drunet,0.594,***
ssim,arm_g_kl_fb,swinir,1.903,***
ssim,arm_g_kl_fb,dncnn_baseline,0.67,***
ssim,arm_h_kl_cyc_fb,arm_i_l1,-1.77,***
ssim,arm_h_kl_cyc_fb,arm_j_l1_ssim_ffl,-1.763,***
ssim,arm_h_kl_cyc_fb,arm_k_nll_l1,-0.545,***
ssim,arm_h_kl_cyc_fb,arm_l_nll_edge_ffl,-0.45,***
ssim,arm_h_kl_cyc_fb,arm_m_full_det,1.07,***
ssim,arm_h_kl_cyc_fb,arm_n_perc,0.439,***
ssim,arm_h_kl_cyc_fb,arm_o_prelu,2.947,***
ssim,arm_h_kl_cyc_fb,arm_p_best,1.142,***
ssim,arm_h_kl_cyc_fb,ffdnet,0.266,***
ssim,arm_h_kl_cyc_fb,ircnn,0.306,***
ssim,arm_h_kl_cyc_fb,drunet,0.762,***
ssim,arm_h_kl_cyc_fb,swinir,2.257,***
ssim,arm_h_kl_cyc_fb,dncnn_baseline,1.058,***
ssim,arm_i_l1,arm_j_l1_ssim_ffl,0.021,n.s.
ssim,arm_i_l1,arm_k_nll_l1,1.264,***
ssim,arm_i_l1,arm_l_nll_edge_ffl,1.364,***
ssim,arm_i_l1,arm_m_full_det,2.891,***
ssim,arm_i_l1,arm_n_perc,2.235,***
ssim,arm_i_l1,arm_o_prelu,4.016,***
ssim,arm_i_l1,arm_p_best,2.947,***
ssim,arm_i_l1,ffdnet,2.033,***
ssim,arm_i_l1,ircnn,2.107,***
ssim,arm_i_l1,drunet,1.532,***
ssim,arm_i_l1,swinir,4.158,***
ssim,arm_i_l1,dncnn_baseline,3.1,***
ssim,arm_j_l1_ssim_ffl,arm_k_nll_l1,1.254,***
ssim,arm_j_l1_ssim_ffl,arm_l_nll_edge_ffl,1.354,***
ssim,arm_j_l1_ssim_ffl,arm_m_full_det,2.89,***
ssim,arm_j_l1_ssim_ffl,arm_n_perc,2.231,***
ssim,arm_j_l1_ssim_ffl,arm_o_prelu,4.013,***
ssim,arm_j_l1_ssim_ffl,arm_p_best,2.947,***
ssim,arm_j_l1_ssim_ffl,ffdnet,2.027,***
ssim,arm_j_l1_ssim_ffl,ircnn,2.102,***
ssim,arm_j_l1_ssim_ffl,drunet,1.526,***
ssim,arm_j_l1_ssim_ffl,swinir,4.163,***
ssim,arm_j_l1_ssim_ffl,dncnn_baseline,3.102,***
ssim,arm_k_nll_l1,arm_l_nll_edge_ffl,0.098,n.s.
ssim,arm_k_nll_l1,arm_m_full_det,1.648,***
ssim,arm_k_nll_l1,arm_n_perc,0.999,***
ssim,arm_k_nll_l1,arm_o_prelu,3.304,***
ssim,arm_k_nll_l1,arm_p_best,1.716,***
ssim,arm_k_nll_l1,ffdnet,0.815,***
ssim,arm_k_nll_l1,ircnn,0.866,***
ssim,arm_k_nll_l1,drunet,1.013,***
ssim,arm_k_nll_l1,swinir,2.875,***
ssim,arm_k_nll_l1,dncnn_baseline,1.699,***
ssim,arm_l_nll_edge_ffl,arm_m_full_det,1.552,***
ssim,arm_l_nll_edge_ffl,arm_n_perc,0.903,***
ssim,arm_l_nll_edge_ffl,arm_o_prelu,3.247,***
ssim,arm_l_nll_edge_ffl,arm_p_best,1.621,***
ssim,arm_l_nll_edge_ffl,ffdnet,0.72,***
ssim,arm_l_nll_edge_ffl,ircnn,0.77,***
ssim,arm_l_nll_edge_ffl,drunet,0.97,***
ssim,arm_l_nll_edge_ffl,swinir,2.778,***
ssim,arm_l_nll_edge_ffl,dncnn_baseline,1.593,***
ssim,arm_m_full_det,arm_n_perc,-0.634,***
ssim,arm_m_full_det,arm_o_prelu,2.279,***
ssim,arm_m_full_det,arm_p_best,0.08,n.s.
ssim,arm_m_full_det,ffdnet,-0.797,***
ssim,arm_m_full_det,ircnn,-0.771,***
ssim,arm_m_full_det,drunet,0.251,**
ssim,arm_m_full_det,swinir,1.174,***
ssim,arm_m_full_det,dncnn_baseline,-0.107,n.s.
ssim,arm_n_perc,arm_o_prelu,2.678,***
ssim,arm_n_perc,arm_p_best,0.709,***
ssim,arm_n_perc,ffdnet,-0.169,n.s.
ssim,arm_n_perc,ircnn,-0.135,n.s.
ssim,arm_n_perc,drunet,0.556,***
ssim,arm_n_perc,swinir,1.818,***
ssim,arm_n_perc,dncnn_baseline,0.582,***
ssim,arm_o_prelu,arm_p_best,-2.222,***
ssim,arm_o_prelu,ffdnet,-2.775,***
ssim,arm_o_prelu,ircnn,-2.766,***
ssim,arm_o_prelu,drunet,-1.316,***
ssim,arm_o_prelu,swinir,-1.538,***
ssim,arm_o_prelu,dncnn_baseline,-2.41,***
ssim,arm_p_best,ffdnet,-0.871,***
ssim,arm_p_best,ircnn,-0.846,***
ssim,arm_p_best,drunet,0.212,*
ssim,arm_p_best,swinir,1.085,***
ssim,arm_p_best,dncnn_baseline,-0.193,n.s.
ssim,ffdnet,ircnn,0.037,n.s.
ssim,ffdnet,drunet,0.636,***
ssim,ffdnet,swinir,1.973,***
ssim,ffdnet,dncnn_baseline,0.76,***
ssim,ircnn,drunet,0.62,***
ssim,ircnn,swinir,1.961,***
ssim,ircnn,dncnn_baseline,0.732,***
ssim,drunet,swinir,0.326,***
ssim,drunet,dncnn_baseline,-0.305,***
ssim,swinir,dncnn_baseline,-1.377,***
fsim,arm_a_l2,arm_b_nll,1.767,***
fsim,arm_a_l2,arm_c_nll_ssim,3.357,***
fsim,arm_a_l2,arm_d_nll_ssim_ffl,1.74,***
fsim,arm_a_l2,arm_e_ppvae,3.865,***
fsim,arm_a_l2,arm_f_kl_cyc,2.48,***
fsim,arm_a_l2,arm_g_kl_fb,3.128,***
fsim,arm_a_l2,arm_h_kl_cyc_fb,2.697,***
fsim,arm_a_l2,arm_i_l1,0.236,**
fsim,arm_a_l2,arm_j_l1_ssim_ffl,0.123,n.s.
fsim,arm_a_l2,arm_k_nll_l1,2.053,***
fsim,arm_a_l2,arm_l_nll_edge_ffl,2.218,***
fsim,arm_a_l2,arm_m_full_det,3.576,***
fsim,arm_a_l2,arm_n_perc,3.208,***
fsim,arm_a_l2,arm_o_prelu,5.198,***
fsim,arm_a_l2,arm_p_best,3.87,***
fsim,arm_a_l2,ffdnet,3.017,***
fsim,arm_a_l2,ircnn,2.989,***
fsim,arm_a_l2,drunet,1.181,***
fsim,arm_a_l2,swinir,4.015,***
fsim,arm_a_l2,dncnn_baseline,2.581,***
fsim,arm_b_nll,arm_c_nll_ssim,1.647,***
fsim,arm_b_nll,arm_d_nll_ssim_ffl,-0.024,n.s.
fsim,arm_b_nll,arm_e_ppvae,2.246,***
fsim,arm_b_nll,arm_f_kl_cyc,0.846,***
fsim,arm_b_nll,arm_g_kl_fb,1.431,***
fsim,arm_b_nll,arm_h_kl_cyc_fb,1.026,***
fsim,arm_b_nll,arm_i_l1,-1.517,***
fsim,arm_b_nll,arm_j_l1_ssim_ffl,-1.67,***
fsim,arm_b_nll,arm_k_nll_l1,0.284,***
fsim,arm_b_nll,arm_l_nll_edge_ffl,0.445,***
fsim,arm_b_nll,arm_m_full_det,1.959,***
fsim,arm_b_nll,arm_n_perc,1.47,***
fsim,arm_b_nll,arm_o_prelu,3.655,***
fsim,arm_b_nll,arm_p_best,2.236,***
fsim,arm_b_nll,ffdnet,1.341,***
fsim,arm_b_nll,ircnn,1.315,***
fsim,arm_b_nll,drunet,-0.591,***
fsim,arm_b_nll,swinir,2.416,***
fsim,arm_b_nll,dncnn_baseline,0.886,***
fsim,arm_c_nll_ssim,arm_d_nll_ssim_ffl,-1.667,***
fsim,arm_c_nll_ssim,arm_e_ppvae,0.664,***
fsim,arm_c_nll_ssim,arm_f_kl_cyc,-0.716,***
fsim,arm_c_nll_ssim,arm_g_kl_fb,-0.2,n.s.
fsim,arm_c_nll_ssim,arm_h_kl_cyc_fb,-0.571,***
fsim,arm_c_nll_ssim,arm_i_l1,-3.105,***
fsim,arm_c_nll_ssim,arm_j_l1_ssim_ffl,-3.281,***
fsim,arm_c_nll_ssim,arm_k_nll_l1,-1.373,***
fsim,arm_c_nll_ssim,arm_l_nll_edge_ffl,-1.219,***
fsim,arm_c_nll_ssim,arm_m_full_det,0.385,***
fsim,arm_c_nll_ssim,arm_n_perc,-0.197,n.s.
fsim,arm_c_nll_ssim,arm_o_prelu,2.111,***
fsim,arm_c_nll_ssim,arm_p_best,0.641,***
fsim,arm_c_nll_ssim,ffdnet,-0.268,***
fsim,arm_c_nll_ssim,ircnn,-0.293,***
fsim,arm_c_nll_ssim,drunet,-2.224,***
fsim,arm_c_nll_ssim,swinir,0.847,***
fsim,arm_c_nll_ssim,dncnn_baseline,-0.728,***
fsim,arm_d_nll_ssim_ffl,arm_e_ppvae,2.264,***
fsim,arm_d_nll_ssim_ffl,arm_f_kl_cyc,0.866,***
fsim,arm_d_nll_ssim_ffl,arm_g_kl_fb,1.451,***
fsim,arm_d_nll_ssim_ffl,arm_h_kl_cyc_fb,1.046,***
fsim,arm_d_nll_ssim_ffl,arm_i_l1,-1.491,***
fsim,arm_d_nll_ssim_ffl,arm_j_l1_ssim_ffl,-1.642,***
fsim,arm_d_nll_ssim_ffl,arm_k_nll_l1,0.307,***
fsim,arm_d_nll_ssim_ffl,arm_l_nll_edge_ffl,0.468,***
fsim,arm_d_nll_ssim_ffl,arm_m_full_det,1.977,***
fsim,arm_d_nll_ssim_ffl,arm_n_perc,1.49,***
fsim,arm_d_nll_ssim_ffl,arm_o_prelu,3.671,***
fsim,arm_d_nll_ssim_ffl,arm_p_best,2.254,***
fsim,arm_d_nll_ssim_ffl,ffdnet,1.362,***
fsim,arm_d_nll_ssim_ffl,ircnn,1.335,***
fsim,arm_d_nll_ssim_ffl,drunet,-0.566,***
fsim,arm_d_nll_ssim_ffl,swinir,2.434,***
fsim,arm_d_nll_ssim_ffl,dncnn_baseline,0.907,***
fsim,arm_e_ppvae,arm_f_kl_cyc,-1.327,***
fsim,arm_e_ppvae,arm_g_kl_fb,-0.851,***
fsim,arm_e_ppvae,arm_h_kl_cyc_fb,-1.198,***
fsim,arm_e_ppvae,arm_i_l1,-3.625,***
fsim,arm_e_ppvae,arm_j_l1_ssim_ffl,-3.797,***
fsim,arm_e_ppvae,arm_k_nll_l1,-1.986,***
fsim,arm_e_ppvae,arm_l_nll_edge_ffl,-1.841,***
fsim,arm_e_ppvae,arm_m_full_det,-0.267,***
fsim,arm_e_ppvae,arm_n_perc,-0.86,***
fsim,arm_e_ppvae,arm_o_prelu,1.419,***
fsim,arm_e_ppvae,arm_p_best,-0.027,n.s.
fsim,arm_e_ppvae,ffdnet,-0.91,***
fsim,arm_e_ppvae,ircnn,-0.933,***
fsim,arm_e_ppvae,drunet,-2.794,***
fsim,arm_e_ppvae,swinir,0.183,n.s.
fsim,arm_e_ppvae,dncnn_baseline,-1.355,***
fsim,arm_f_kl_cyc,arm_g_kl_fb,0.52,***
fsim,arm_f_kl_cyc,arm_h_kl_cyc_fb,0.152,n.s.
fsim,arm_f_kl_cyc,arm_i_l1,-2.246,***
fsim,arm_f_kl_cyc,arm_j_l1_ssim_ffl,-2.397,***
fsim,arm_f_kl_cyc,arm_k_nll_l1,-0.582,***
fsim,arm_f_kl_cyc,arm_l_nll_edge_ffl,-0.434,***
fsim,arm_f_kl_cyc,arm_m_full_det,1.057,***
fsim,arm_f_kl_cyc,arm_n_perc,0.536,***
fsim,arm_f_kl_cyc,arm_o_prelu,2.706,***
fsim,arm_f_kl_cyc,arm_p_best,1.309,***
fsim,arm_f_kl_cyc,ffdnet,0.446,***
fsim,arm_f_kl_cyc,ircnn,0.422,***
fsim,arm_f_kl_cyc,drunet,-1.396,***
fsim,arm_f_kl_cyc,swinir,1.498,***
fsim,arm_f_kl_cyc,dncnn_baseline,0.01,n.s.
fsim,arm_g_kl_fb,arm_h_kl_cyc_fb,-0.372,***
fsim,arm_g_kl_fb,arm_i_l1,-2.879,***
fsim,arm_g_kl_fb,arm_j_l1_ssim_ffl,-3.05,***
fsim,arm_g_kl_fb,arm_k_nll_l1,-1.158,***
fsim,arm_g_kl_fb,arm_l_nll_edge_ffl,-1.006,***
fsim,arm_g_kl_fb,arm_m_full_det,0.573,***
fsim,arm_g_kl_fb,arm_n_perc,0.006,n.s.
fsim,arm_g_kl_fb,arm_o_prelu,2.283,***
fsim,arm_g_kl_fb,arm_p_best,0.829,***
fsim,arm_g_kl_fb,ffdnet,-0.07,n.s.
fsim,arm_g_kl_fb,ircnn,-0.095,n.s.
fsim,arm_g_kl_fb,drunet,-2.003,***
fsim,arm_g_kl_fb,swinir,1.031,***
fsim,arm_g_kl_fb,dncnn_baseline,-0.526,***
fsim,arm_h_kl_cyc_fb,arm_i_l1,-2.455,***
fsim,arm_h_kl_cyc_fb,arm_j_l1_ssim_ffl,-2.615,***
fsim,arm_h_kl_cyc_fb,arm_k_nll_l1,-0.757,***
fsim,arm_h_kl_cyc_fb,arm_l_nll_edge_ffl,-0.606,***
fsim,arm_h_kl_cyc_fb,arm_m_full_det,0.924,***
fsim,arm_h_kl_cyc_fb,arm_n_perc,0.386,***
fsim,arm_h_kl_cyc_fb,arm_o_prelu,2.602,***
fsim,arm_h_kl_cyc_fb,arm_p_best,1.18,***
fsim,arm_h_kl_cyc_fb,ffdnet,0.299,***
fsim,arm_h_kl_cyc_fb,ircnn,0.274,***
fsim,arm_h_kl_cyc_fb,drunet,-1.588,***
fsim,arm_h_kl_cyc_fb,swinir,1.373,***
fsim,arm_h_kl_cyc_fb,dncnn_baseline,-0.147,n.s.
fsim,arm_i_l1,arm_j_l1_ssim_ffl,-0.118,n.s.
fsim,arm_i_l1,arm_k_nll_l1,1.8,***
fsim,arm_i_l1,arm_l_nll_edge_ffl,1.963,***
fsim,arm_i_l1,arm_m_full_det,3.337,***
fsim,arm_i_l1,arm_n_perc,2.953,***
fsim,arm_i_l1,arm_o_prelu,4.964,***
fsim,arm_i_l1,arm_p_best,3.627,***
fsim,arm_i_l1,ffdnet,2.773,***
fsim,arm_i_l1,ircnn,2.745,***
fsim,arm_i_l1,drunet,0.935,***
fsim,arm_i_l1,swinir,3.777,***
fsim,arm_i_l1,dncnn_baseline,2.336,***
fsim,arm_j_l1_ssim_ffl,arm_k_nll_l1,1.959,***
fsim,arm_j_l1_ssim_ffl,arm_l_nll_edge_ffl,2.126,***
fsim,arm_j_l1_ssim_ffl,arm_m_full_det,3.505,***
fsim,arm_j_l1_ssim_ffl,arm_n_perc,3.13,***
fsim,arm_j_l1_ssim_ffl,arm_o_prelu,5.145,***
fsim,arm_j_l1_ssim_ffl,arm_p_best,3.802,***
fsim,arm_j_l1_ssim_ffl,ffdnet,2.938,***
fsim,arm_j_l1_ssim_ffl,ircnn,2.91,***
fsim,arm_j_l1_ssim_ffl,drunet,1.075,***
fsim,arm_j_l1_ssim_ffl,swinir,3.949,***
fsim,arm_j_l1_ssim_ffl,dncnn_baseline,2.497,***
fsim,arm_k_nll_l1,arm_l_nll_edge_ffl,0.161,n.s.
fsim,arm_k_nll_l1,arm_m_full_det,1.699,***
fsim,arm_k_nll_l1,arm_n_perc,1.191,***
fsim,arm_k_nll_l1,arm_o_prelu,3.408,***
fsim,arm_k_nll_l1,arm_p_best,1.974,***
fsim,arm_k_nll_l1,ffdnet,1.072,***
fsim,arm_k_nll_l1,ircnn,1.046,***
fsim,arm_k_nll_l1,drunet,-0.877,***
fsim,arm_k_nll_l1,swinir,2.159,***
fsim,arm_k_nll_l1,dncnn_baseline,0.613,***
fsim,arm_l_nll_edge_ffl,arm_m_full_det,1.554,***
fsim,arm_l_nll_edge_ffl,arm_n_perc,1.035,***
fsim,arm_l_nll_edge_ffl,arm_o_prelu,3.271,***
fsim,arm_l_nll_edge_ffl,arm_p_best,1.828,***
fsim,arm_l_nll_edge_ffl,ffdnet,0.921,***
fsim,arm_l_nll_edge_ffl,ircnn,0.895,***
fsim,arm_l_nll_edge_ffl,drunet,-1.039,***
fsim,arm_l_nll_edge_ffl,swinir,2.016,***
fsim,arm_l_nll_edge_ffl,dncnn_baseline,0.459,***
fsim,arm_m_full_det,arm_n_perc,-0.578,***
fsim,arm_m_full_det,arm_o_prelu,1.675,***
fsim,arm_m_full_det,arm_p_best,0.242,**
fsim,arm_m_full_det,ffdnet,-0.635,***
fsim,arm_m_full_det,ircnn,-0.659,***
fsim,arm_m_full_det,drunet,-2.505,***
fsim,arm_m_full_det,swinir,0.447,***
fsim,arm_m_full_det,dncnn_baseline,-1.077,***
fsim,arm_n_perc,arm_o_prelu,2.315,***
fsim,arm_n_perc,arm_p_best,0.839,***
fsim,arm_n_perc,ffdnet,-0.078,n.s.
fsim,arm_n_perc,ircnn,-0.103,n.s.
fsim,arm_n_perc,drunet,-2.055,***
fsim,arm_n_perc,swinir,1.044,***
fsim,arm_n_perc,dncnn_baseline,-0.543,***
fsim,arm_o_prelu,arm_p_best,-1.454,***
fsim,arm_o_prelu,ffdnet,-2.328,***
fsim,arm_o_prelu,ircnn,-2.35,***
fsim,arm_o_prelu,drunet,-4.18,***
fsim,arm_o_prelu,swinir,-1.231,***
fsim,arm_o_prelu,dncnn_baseline,-2.766,***
fsim,arm_p_best,ffdnet,-0.889,***
fsim,arm_p_best,ircnn,-0.913,***
fsim,arm_p_best,drunet,-2.789,***
fsim,arm_p_best,swinir,0.211,*
fsim,arm_p_best,dncnn_baseline,-1.337,***
fsim,ffdnet,ircnn,-0.025,n.s.
fsim,ffdnet,drunet,-1.906,***
fsim,ffdnet,swinir,1.088,***
fsim,ffdnet,dncnn_baseline,-0.45,***
fsim,ircnn,drunet,-1.879,***
fsim,ircnn,swinir,1.111,***
fsim,ircnn,dncnn_baseline,-0.425,***
fsim,drunet,swinir,2.957,***
fsim,drunet,dncnn_baseline,1.455,***
fsim,swinir,dncnn_baseline,-1.53,***
lpips,arm_a_l2,arm_b_nll,1.105,***
lpips,arm_a_l2,arm_c_nll_ssim,2.007,***
lpips,arm_a_l2,arm_d_nll_ssim_ffl,1.064,***
lpips,arm_a_l2,arm_e_ppvae,2.686,***
lpips,arm_a_l2,arm_f_kl_cyc,1.462,***
lpips,arm_a_l2,arm_g_kl_fb,1.866,***
lpips,arm_a_l2,arm_h_kl_cyc_fb,1.479,***
lpips,arm_a_l2,arm_i_l1,0.03,n.s.
lpips,arm_a_l2,arm_j_l1_ssim_ffl,-0.072,n.s.
lpips,arm_a_l2,arm_k_nll_l1,1.268,***
lpips,arm_a_l2,arm_l_nll_edge_ffl,1.323,***
lpips,arm_a_l2,arm_m_full_det,2.337,***
lpips,arm_a_l2,arm_n_perc,1.642,***
lpips,arm_a_l2,arm_o_prelu,4.848,***
lpips,arm_a_l2,arm_p_best,2.907,***
lpips,arm_a_l2,ffdnet,2.208,***
lpips,arm_a_l2,ircnn,1.937,***
lpips,arm_a_l2,drunet,-0.047,n.s.
lpips,arm_a_l2,swinir,4.625,***
lpips,arm_a_l2,dncnn_baseline,0.932,***
lpips,arm_b_nll,arm_c_nll_ssim,0.914,***
lpips,arm_b_nll,arm_d_nll_ssim_ffl,-0.045,n.s.
lpips,arm_b_nll,arm_e_ppvae,1.555,***
lpips,arm_b_nll,arm_f_kl_cyc,0.359,***
lpips,arm_b_nll,arm_g_kl_fb,0.741,***
lpips,arm_b_nll,arm_h_kl_cyc_fb,0.35,***
lpips,arm_b_nll,arm_i_l1,-1.067,***
lpips,arm_b_nll,arm_j_l1_ssim_ffl,-1.187,***
lpips,arm_b_nll,arm_k_nll_l1,0.162,n.s.
lpips,arm_b_nll,arm_l_nll_edge_ffl,0.23,*
lpips,arm_b_nll,arm_m_full_det,1.208,***
lpips,arm_b_nll,arm_n_perc,0.519,***
lpips,arm_b_nll,arm_o_prelu,3.834,***
lpips,arm_b_nll,arm_p_best,1.874,***
lpips,arm_b_nll,ffdnet,1.035,***
lpips,arm_b_nll,ircnn,0.713,***
lpips,arm_b_nll,drunet,-1.253,***
lpips,arm_b_nll,swinir,3.63,***
lpips,arm_b_nll,dncnn_baseline,-0.327,***
lpips,arm_c_nll_ssim,arm_d_nll_ssim_ffl,-0.963,***
lpips,arm_c_nll_ssim,arm_e_ppvae,0.603,***
lpips,arm_c_nll_ssim,arm_f_kl_cyc,-0.557,***
lpips,arm_c_nll_ssim,arm_g_kl_fb,-0.197,n.s.
lpips,arm_c_nll_ssim,arm_h_kl_cyc_fb,-0.586,***
lpips,arm_c_nll_ssim,arm_i_l1,-1.963,***
lpips,arm_c_nll_ssim,arm_j_l1_ssim_ffl,-2.095,***
lpips,arm_c_nll_ssim,arm_k_nll_l1,-0.755,***
lpips,arm_c_nll_ssim,arm_l_nll_edge_ffl,-0.677,***
lpips,arm_c_nll_ssim,arm_m_full_det,0.262,***
lpips,arm_c_nll_ssim,arm_n_perc,-0.415,***
lpips,arm_c_nll_ssim,arm_o_prelu,2.957,***
lpips,arm_c_nll_ssim,arm_p_best,1.0,***
lpips,arm_c_nll_ssim,ffdnet,0.056,n.s.
lpips,arm_c_nll_ssim,ircnn,-0.301,***
lpips,arm_c_nll_ssim,drunet,-2.228,***
lpips,arm_c_nll_ssim,swinir,2.771,***
lpips,arm_c_nll_ssim,dncnn_baseline,-1.353,***
lpips,arm_d_nll_ssim_ffl,arm_e_ppvae,1.608,***
lpips,arm_d_nll_ssim_ffl,arm_f_kl_cyc,0.406,***
lpips,arm_d_nll_ssim_ffl,arm_g_kl_fb,0.79,***
lpips,arm_d_nll_ssim_ffl,arm_h_kl_cyc_fb,0.398,***
lpips,arm_d_nll_ssim_ffl,arm_i_l1,-1.026,***
lpips,arm_d_nll_ssim_ffl,arm_j_l1_ssim_ffl,-1.147,***
lpips,arm_d_nll_ssim_ffl,arm_k_nll_l1,0.208,n.s.
lpips,arm_d_nll_ssim_ffl,arm_l_nll_edge_ffl,0.276,***
lpips,arm_d_nll_ssim_ffl,arm_m_full_det,1.26,***
lpips,arm_d_nll_ssim_ffl,arm_n_perc,0.568,***
lpips,arm_d_nll_ssim_ffl,arm_o_prelu,3.889,***
lpips,arm_d_nll_ssim_ffl,arm_p_best,1.924,***
lpips,arm_d_nll_ssim_ffl,ffdnet,1.088,***
lpips,arm_d_nll_ssim_ffl,ircnn,0.767,***
lpips,arm_d_nll_ssim_ffl,drunet,-1.211,***
lpips,arm_d_nll_ssim_ffl,swinir,3.683,***
lpips,arm_d_nll_ssim_ffl,dncnn_baseline,-0.277,***
lpips,arm_e_ppvae,arm_f_kl_cyc,-1.184,***
lpips,arm_e_ppvae,arm_g_kl_fb,-0.824,***
lpips,arm_e_ppvae,arm_h_kl_cyc_fb,-1.229,***
lpips,arm_e_ppvae,arm_i_l1,-2.635,***
lpips,arm_e_ppvae,arm_j_l1_ssim_ffl,-2.783,***
lpips,arm_e_ppvae,arm_k_nll_l1,-1.391,***
lpips,arm_e_ppvae,arm_l_nll_edge_ffl,-1.302,***
lpips,arm_e_ppvae,arm_m_full_det,-0.352,***
lpips,arm_e_ppvae,arm_n_perc,-1.048,***
lpips,arm_e_ppvae,arm_o_prelu,2.473,***
lpips,arm_e_ppvae,arm_p_best,0.456,***
lpips,arm_e_ppvae,ffdnet,-0.588,***
lpips,arm_e_ppvae,ircnn,-0.986,***
lpips,arm_e_ppvae,drunet,-2.983,***
lpips,arm_e_ppvae,swinir,2.29,***
lpips,arm_e_ppvae,dncnn_baseline,-2.102,***
lpips,arm_f_kl_cyc,arm_g_kl_fb,0.374,***
lpips,arm_f_kl_cyc,arm_h_kl_cyc_fb,-0.017,n.s.
lpips,arm_f_kl_cyc,arm_i_l1,-1.421,***
lpips,arm_f_kl_cyc,arm_j_l1_ssim_ffl,-1.546,***
lpips,arm_f_kl_cyc,arm_k_nll_l1,-0.198,n.s.
lpips,arm_f_kl_cyc,arm_l_nll_edge_ffl,-0.125,n.s.
lpips,arm_f_kl_cyc,arm_m_full_det,0.839,***
lpips,arm_f_kl_cyc,arm_n_perc,0.153,n.s.
lpips,arm_f_kl_cyc,arm_o_prelu,3.497,***
lpips,arm_f_kl_cyc,arm_p_best,1.535,***
lpips,arm_f_kl_cyc,ffdnet,0.652,***
lpips,arm_f_kl_cyc,ircnn,0.315,***
lpips,arm_f_kl_cyc,drunet,-1.641,***
lpips,arm_f_kl_cyc,swinir,3.3,***
lpips,arm_f_kl_cyc,dncnn_baseline,-0.732,***
lpips,arm_g_kl_fb,arm_h_kl_cyc_fb,-0.4,***
lpips,arm_g_kl_fb,arm_i_l1,-1.821,***
lpips,arm_g_kl_fb,arm_j_l1_ssim_ffl,-1.956,***
lpips,arm_g_kl_fb,arm_k_nll_l1,-0.577,***
lpips,arm_g_kl_fb,arm_l_nll_edge_ffl,-0.498,***
lpips,arm_g_kl_fb,arm_m_full_det,0.473,***
lpips,arm_g_kl_fb,arm_n_perc,-0.224,*
lpips,arm_g_kl_fb,arm_o_prelu,3.206,***
lpips,arm_g_kl_fb,arm_p_best,1.21,***
lpips,arm_g_kl_fb,ffdnet,0.269,***
lpips,arm_g_kl_fb,ircnn,-0.092,n.s.
lpips,arm_g_kl_fb,drunet,-2.089,***
lpips,arm_g_kl_fb,swinir,3.01,***
lpips,arm_g_kl_fb,dncnn_baseline,-1.177,***
lpips,arm_h_kl_cyc_fb,arm_i_l1,-1.437,***
lpips,arm_h_kl_cyc_fb,arm_j_l1_ssim_ffl,-1.566,***
lpips,arm_h_kl_cyc_fb,arm_k_nll_l1,-0.185,n.s.
lpips,arm_h_kl_cyc_fb,arm_l_nll_edge_ffl,-0.111,n.s.
lpips,arm_h_kl_cyc_fb,arm_m_full_det,0.876,***
lpips,arm_h_kl_cyc_fb,arm_n_perc,0.175,n.s.
lpips,arm_h_kl_cyc_fb,arm_o_prelu,3.575,***
lpips,arm_h_kl_cyc_fb,arm_p_best,1.581,***
lpips,arm_h_kl_cyc_fb,ffdnet,0.687,***
lpips,arm_h_kl_cyc_fb,ircnn,0.343,***
lpips,arm_h_kl_cyc_fb,drunet,-1.669,***
lpips,arm_h_kl_cyc_fb,swinir,3.372,***
lpips,arm_h_kl_cyc_fb,dncnn_baseline,-0.735,***
lpips,arm_i_l1,arm_j_l1_ssim_ffl,-0.102,n.s.
lpips,arm_i_l1,arm_k_nll_l1,1.228,***
lpips,arm_i_l1,arm_l_nll_edge_ffl,1.284,***
lpips,arm_i_l1,arm_m_full_det,2.289,***
lpips,arm_i_l1,arm_n_perc,1.599,***
lpips,arm_i_l1,arm_o_prelu,4.793,***
lpips,arm_i_l1,arm_p_best,2.861,***
lpips,arm_i_l1,ffdnet,2.158,***
lpips,arm_i_l1,ircnn,1.886,***
lpips,arm_i_l1,drunet,-0.079,n.s.
lpips,arm_i_l1,swinir,4.572,***
lpips,arm_i_l1,dncnn_baseline,0.889,***
lpips,arm_j_l1_ssim_ffl,arm_k_nll_l1,1.351,***
lpips,arm_j_l1_ssim_ffl,arm_l_nll_edge_ffl,1.406,***
lpips,arm_j_l1_ssim_ffl,arm_m_full_det,2.432,***
lpips,arm_j_l1_ssim_ffl,arm_n_perc,1.731,***
lpips,arm_j_l1_ssim_ffl,arm_o_prelu,4.947,***
lpips,arm_j_l1_ssim_ffl,arm_p_best,2.996,***
lpips,arm_j_l1_ssim_ffl,ffdnet,2.307,***
lpips,arm_j_l1_ssim_ffl,ircnn,2.038,***
lpips,arm_j_l1_ssim_ffl,drunet,0.032,n.s.
lpips,arm_j_l1_ssim_ffl,swinir,4.72,***
lpips,arm_j_l1_ssim_ffl,dncnn_baseline,1.026,***
lpips,arm_k_nll_l1,arm_l_nll_edge_ffl,0.071,n.s.
lpips,arm_k_nll_l1,arm_m_full_det,1.044,***
lpips,arm_k_nll_l1,arm_n_perc,0.355,***
lpips,arm_k_nll_l1,arm_o_prelu,3.688,***
lpips,arm_k_nll_l1,arm_p_best,1.725,***
lpips,arm_k_nll_l1,ffdnet,0.865,***
lpips,arm_k_nll_l1,ircnn,0.535,***
lpips,arm_k_nll_l1,drunet,-1.431,***
lpips,arm_k_nll_l1,swinir,3.487,***
lpips,arm_k_nll_l1,dncnn_baseline,-0.511,***
lpips,arm_l_nll_edge_ffl,arm_m_full_det,0.96,***
lpips,arm_l_nll_edge_ffl,arm_n_perc,0.28,***
lpips,arm_l_nll_edge_ffl,arm_o_prelu,3.59,***
lpips,arm_l_nll_edge_ffl,arm_p_best,1.642,***
lpips,arm_l_nll_edge_ffl,ffdnet,0.779,***
lpips,arm_l_nll_edge_ffl,ircnn,0.45,***
lpips,arm_l_nll_edge_ffl,drunet,-1.488,***
lpips,arm_l_nll_edge_ffl,swinir,3.392,***
lpips,arm_l_nll_edge_ffl,dncnn_baseline,-0.583,***
lpips,arm_m_full_det,arm_n_perc,-0.697,***
lpips,arm_m_full_det,arm_o_prelu,2.787,***
lpips,arm_m_full_det,arm_p_best,0.778,***
lpips,arm_m_full_det,ffdnet,-0.222,*
lpips,arm_m_full_det,ircnn,-0.605,***
lpips,arm_m_full_det,drunet,-2.603,***
lpips,arm_m_full_det,swinir,2.599,***
lpips,arm_m_full_det,dncnn_baseline,-1.708,***
lpips,arm_n_perc,arm_o_prelu,3.405,***
lpips,arm_n_perc,arm_p_best,1.414,***
lpips,arm_n_perc,ffdnet,0.502,***
lpips,arm_n_perc,ircnn,0.152,n.s.
lpips,arm_n_perc,drunet,-1.845,***
lpips,arm_n_perc,swinir,3.206,***
lpips,arm_n_perc,dncnn_baseline,-0.924,***
lpips,arm_o_prelu,arm_p_best,-1.892,***
lpips,arm_o_prelu,ffdnet,-3.065,***
lpips,arm_o_prelu,ircnn,-3.49,***
lpips,arm_o_prelu,drunet,-5.226,***
lpips,arm_o_prelu,swinir,-0.129,n.s.
lpips,arm_o_prelu,dncnn_baseline,-4.512,***
lpips,arm_p_best,ffdnet,-1.005,***
lpips,arm_p_best,ircnn,-1.376,***
lpips,arm_p_best,drunet,-3.169,***
lpips,arm_p_best,swinir,1.732,***
lpips,arm_p_best,dncnn_baseline,-2.38,***
lpips,ffdnet,ircnn,-0.39,***
lpips,ffdnet,drunet,-2.485,***
lpips,ffdnet,swinir,2.865,***
lpips,ffdnet,dncnn_baseline,-1.543,***
lpips,ircnn,drunet,-2.211,***
lpips,ircnn,swinir,3.274,***
lpips,ircnn,dncnn_baseline,-1.205,***
lpips,drunet,swinir,4.975,***
lpips,drunet,dncnn_baseline,1.105,***
lpips,swinir,dncnn_baseline,-4.268,***
