metric,arm1,arm2,cohens_d,sig
ssim,arm_a_l2,arm_i_l1,0.133,n.s.
ssim,arm_a_l2,arm_j_l1_ssim_ffl,0.155,n.s.
ssim,arm_a_l2,arm_k_nll_l1,1.390,***
ssim,arm_a_l2,arm_b_nll,1.143,***
ssim,arm_a_l2,arm_c_nll_ssim,2.383,***
ssim,arm_a_l2,arm_d_nll_ssim_ffl,1.162,***
ssim,arm_a_l2,arm_l_nll_edge_ffl,1.489,***
ssim,arm_a_l2,arm_n_perc,2.354,***
ssim,arm_a_l2,arm_m_full_det,3.008,***
ssim,arm_a_l2,arm_e_ppvae,3.041,***
ssim,arm_a_l2,arm_f_kl_cyc,1.716,***
ssim,arm_a_l2,arm_g_kl_fb,2.282,***
ssim,arm_a_l2,arm_h_kl_cyc_fb,1.889,***
ssim,arm_a_l2,arm_p_best,3.063,***
ssim,arm_a_l2,arm_o_prelu,4.081,***
ssim,arm_a_l2,dncnn_baseline,3.231,***
ssim,arm_a_l2,ffdnet,2.150,***
ssim,arm_a_l2,ircnn,2.227,***
ssim,arm_a_l2,drunet,1.582,***
ssim,arm_a_l2,swinir,4.274,***
ssim,arm_a_l2,nafnet,1.206,***
ssim,arm_a_l2,scunet,0.884,***
ssim,arm_a_l2,sharpxr,1.469,***
ssim,arm_i_l1,arm_j_l1_ssim_ffl,0.021,n.s.
ssim,arm_i_l1,arm_k_nll_l1,1.264,***
ssim,arm_i_l1,arm_b_nll,1.017,***
ssim,arm_i_l1,arm_c_nll_ssim,2.265,***
ssim,arm_i_l1,arm_d_nll_ssim_ffl,1.035,***
ssim,arm_i_l1,arm_l_nll_edge_ffl,1.364,***
ssim,arm_i_l1,arm_n_perc,2.235,***
ssim,arm_i_l1,arm_m_full_det,2.891,***
ssim,arm_i_l1,arm_e_ppvae,2.930,***
ssim,arm_i_l1,arm_f_kl_cyc,1.599,***
ssim,arm_i_l1,arm_g_kl_fb,2.162,***
ssim,arm_i_l1,arm_h_kl_cyc_fb,1.770,***
ssim,arm_i_l1,arm_p_best,2.947,***
ssim,arm_i_l1,arm_o_prelu,4.016,***
ssim,arm_i_l1,dncnn_baseline,3.100,***
ssim,arm_i_l1,ffdnet,2.033,***
ssim,arm_i_l1,ircnn,2.107,***
ssim,arm_i_l1,drunet,1.532,***
ssim,arm_i_l1,swinir,4.158,***
ssim,arm_i_l1,nafnet,1.089,***
ssim,arm_i_l1,scunet,0.763,***
ssim,arm_i_l1,sharpxr,1.354,***
ssim,arm_j_l1_ssim_ffl,arm_k_nll_l1,1.254,***
ssim,arm_j_l1_ssim_ffl,arm_b_nll,1.005,***
ssim,arm_j_l1_ssim_ffl,arm_c_nll_ssim,2.261,***
ssim,arm_j_l1_ssim_ffl,arm_d_nll_ssim_ffl,1.023,***
ssim,arm_j_l1_ssim_ffl,arm_l_nll_edge_ffl,1.354,***
ssim,arm_j_l1_ssim_ffl,arm_n_perc,2.231,***
ssim,arm_j_l1_ssim_ffl,arm_m_full_det,2.890,***
ssim,arm_j_l1_ssim_ffl,arm_e_ppvae,2.928,***
ssim,arm_j_l1_ssim_ffl,arm_f_kl_cyc,1.590,***
ssim,arm_j_l1_ssim_ffl,arm_g_kl_fb,2.157,***
ssim,arm_j_l1_ssim_ffl,arm_h_kl_cyc_fb,1.763,***
ssim,arm_j_l1_ssim_ffl,arm_p_best,2.947,***
ssim,arm_j_l1_ssim_ffl,arm_o_prelu,4.013,***
ssim,arm_j_l1_ssim_ffl,dncnn_baseline,3.102,***
ssim,arm_j_l1_ssim_ffl,ffdnet,2.027,***
ssim,arm_j_l1_ssim_ffl,ircnn,2.102,***
ssim,arm_j_l1_ssim_ffl,drunet,1.526,***
ssim,arm_j_l1_ssim_ffl,swinir,4.163,***
ssim,arm_j_l1_ssim_ffl,nafnet,1.077,***
ssim,arm_j_l1_ssim_ffl,scunet,0.750,***
ssim,arm_j_l1_ssim_ffl,sharpxr,1.344,***
ssim,arm_k_nll_l1,arm_b_nll,-0.244,**
ssim,arm_k_nll_l1,arm_c_nll_ssim,1.041,***
ssim,arm_k_nll_l1,arm_d_nll_ssim_ffl,-0.225,*
ssim,arm_k_nll_l1,arm_l_nll_edge_ffl,0.098,n.s.
ssim,arm_k_nll_l1,arm_n_perc,0.999,***
ssim,arm_k_nll_l1,arm_m_full_det,1.648,***
ssim,arm_k_nll_l1,arm_e_ppvae,1.738,***
ssim,arm_k_nll_l1,arm_f_kl_cyc,0.396,***
ssim,arm_k_nll_l1,arm_g_kl_fb,0.922,***
ssim,arm_k_nll_l1,arm_h_kl_cyc_fb,0.545,***
ssim,arm_k_nll_l1,arm_p_best,1.716,***
ssim,arm_k_nll_l1,arm_o_prelu,3.304,***
ssim,arm_k_nll_l1,dncnn_baseline,1.699,***
ssim,arm_k_nll_l1,ffdnet,0.815,***
ssim,arm_k_nll_l1,ircnn,0.866,***
ssim,arm_k_nll_l1,drunet,1.013,***
ssim,arm_k_nll_l1,swinir,2.875,***
ssim,arm_k_nll_l1,nafnet,-0.089,n.s.
ssim,arm_k_nll_l1,scunet,-0.436,***
ssim,arm_k_nll_l1,sharpxr,0.185,n.s.
ssim,arm_b_nll,arm_c_nll_ssim,1.276,***
ssim,arm_b_nll,arm_d_nll_ssim_ffl,0.019,n.s.
ssim,arm_b_nll,arm_l_nll_edge_ffl,0.343,***
ssim,arm_b_nll,arm_n_perc,1.236,***
ssim,arm_b_nll,arm_m_full_det,1.885,***
ssim,arm_b_nll,arm_e_ppvae,1.967,***
ssim,arm_b_nll,arm_f_kl_cyc,0.628,***
ssim,arm_b_nll,arm_g_kl_fb,1.160,***
ssim,arm_b_nll,arm_h_kl_cyc_fb,0.781,***
ssim,arm_b_nll,arm_p_best,1.951,***
ssim,arm_b_nll,arm_o_prelu,3.444,***
ssim,arm_b_nll,dncnn_baseline,1.963,***
ssim,arm_b_nll,ffdnet,1.049,***
ssim,arm_b_nll,ircnn,1.104,***
ssim,arm_b_nll,drunet,1.117,***
ssim,arm_b_nll,swinir,3.117,***
ssim,arm_b_nll,nafnet,0.140,n.s.
ssim,arm_b_nll,scunet,-0.202,n.s.
ssim,arm_b_nll,sharpxr,0.412,***
ssim,arm_c_nll_ssim,arm_d_nll_ssim_ffl,-1.257,***
ssim,arm_c_nll_ssim,arm_l_nll_edge_ffl,-0.946,***
ssim,arm_c_nll_ssim,arm_n_perc,-0.049,n.s.
ssim,arm_c_nll_ssim,arm_m_full_det,0.581,***
ssim,arm_c_nll_ssim,arm_e_ppvae,0.707,***
ssim,arm_c_nll_ssim,arm_f_kl_cyc,-0.615,***
ssim,arm_c_nll_ssim,arm_g_kl_fb,-0.127,n.s.
ssim,arm_c_nll_ssim,arm_h_kl_cyc_fb,-0.484,***
ssim,arm_c_nll_ssim,arm_p_best,0.656,***
ssim,arm_c_nll_ssim,arm_o_prelu,2.641,***
ssim,arm_c_nll_ssim,dncnn_baseline,0.524,***
ssim,arm_c_nll_ssim,ffdnet,-0.216,*
ssim,arm_c_nll_ssim,ircnn,-0.182,n.s.
ssim,arm_c_nll_ssim,drunet,0.532,***
ssim,arm_c_nll_ssim,swinir,1.756,***
ssim,arm_c_nll_ssim,nafnet,-1.072,***
ssim,arm_c_nll_ssim,scunet,-1.424,***
ssim,arm_c_nll_ssim,sharpxr,-0.798,***
ssim,arm_d_nll_ssim_ffl,arm_l_nll_edge_ffl,0.323,***
ssim,arm_d_nll_ssim_ffl,arm_n_perc,1.217,***
ssim,arm_d_nll_ssim_ffl,arm_m_full_det,1.865,***
ssim,arm_d_nll_ssim_ffl,arm_e_ppvae,1.947,***
ssim,arm_d_nll_ssim_ffl,arm_f_kl_cyc,0.610,***
ssim,arm_d_nll_ssim_ffl,arm_g_kl_fb,1.140,***
ssim,arm_d_nll_ssim_ffl,arm_h_kl_cyc_fb,0.762,***
ssim,arm_d_nll_ssim_ffl,arm_p_best,1.931,***
ssim,arm_d_nll_ssim_ffl,arm_o_prelu,3.432,***
ssim,arm_d_nll_ssim_ffl,dncnn_baseline,1.940,***
ssim,arm_d_nll_ssim_ffl,ffdnet,1.030,***
ssim,arm_d_nll_ssim_ffl,ircnn,1.085,***
ssim,arm_d_nll_ssim_ffl,drunet,1.109,***
ssim,arm_d_nll_ssim_ffl,swinir,3.096,***
ssim,arm_d_nll_ssim_ffl,nafnet,0.122,n.s.
ssim,arm_d_nll_ssim_ffl,scunet,-0.221,*
ssim,arm_d_nll_ssim_ffl,sharpxr,0.394,***
ssim,arm_l_nll_edge_ffl,arm_n_perc,0.903,***
ssim,arm_l_nll_edge_ffl,arm_m_full_det,1.552,***
ssim,arm_l_nll_edge_ffl,arm_e_ppvae,1.646,***
ssim,arm_l_nll_edge_ffl,arm_f_kl_cyc,0.302,***
ssim,arm_l_nll_edge_ffl,arm_g_kl_fb,0.826,***
ssim,arm_l_nll_edge_ffl,arm_h_kl_cyc_fb,0.450,***
ssim,arm_l_nll_edge_ffl,arm_p_best,1.621,***
ssim,arm_l_nll_edge_ffl,arm_o_prelu,3.247,***
ssim,arm_l_nll_edge_ffl,dncnn_baseline,1.593,***
ssim,arm_l_nll_edge_ffl,ffdnet,0.720,***
ssim,arm_l_nll_edge_ffl,ircnn,0.770,***
ssim,arm_l_nll_edge_ffl,drunet,0.970,***
ssim,arm_l_nll_edge_ffl,swinir,2.778,***
ssim,arm_l_nll_edge_ffl,nafnet,-0.182,n.s.
ssim,arm_l_nll_edge_ffl,scunet,-0.531,***
ssim,arm_l_nll_edge_ffl,sharpxr,0.094,n.s.
ssim,arm_n_perc,arm_m_full_det,0.634,***
ssim,arm_n_perc,arm_e_ppvae,0.759,***
ssim,arm_n_perc,arm_f_kl_cyc,-0.572,***
ssim,arm_n_perc,arm_g_kl_fb,-0.079,n.s.
ssim,arm_n_perc,arm_h_kl_cyc_fb,-0.439,***
ssim,arm_n_perc,arm_p_best,0.709,***
ssim,arm_n_perc,arm_o_prelu,2.678,***
ssim,arm_n_perc,dncnn_baseline,0.582,***
ssim,arm_n_perc,ffdnet,-0.169,n.s.
ssim,arm_n_perc,ircnn,-0.135,n.s.
ssim,arm_n_perc,drunet,0.556,***
ssim,arm_n_perc,swinir,1.818,***
ssim,arm_n_perc,nafnet,-1.032,***
ssim,arm_n_perc,scunet,-1.387,***
ssim,arm_n_perc,sharpxr,-0.756,***
ssim,arm_m_full_det,arm_e_ppvae,0.145,n.s.
ssim,arm_m_full_det,arm_f_kl_cyc,-1.196,***
ssim,arm_m_full_det,arm_g_kl_fb,-0.715,***
ssim,arm_m_full_det,arm_h_kl_cyc_fb,-1.070,***
ssim,arm_m_full_det,arm_p_best,0.080,n.s.
ssim,arm_m_full_det,arm_o_prelu,2.279,***
ssim,arm_m_full_det,dncnn_baseline,-0.107,n.s.
ssim,arm_m_full_det,ffdnet,-0.797,***
ssim,arm_m_full_det,ircnn,-0.771,***
ssim,arm_m_full_det,drunet,0.251,**
ssim,arm_m_full_det,swinir,1.174,***
ssim,arm_m_full_det,nafnet,-1.649,***
ssim,arm_m_full_det,scunet,-2.014,***
ssim,arm_m_full_det,sharpxr,-1.368,***
ssim,arm_e_ppvae,arm_f_kl_cyc,-1.301,***
ssim,arm_e_ppvae,arm_g_kl_fb,-0.837,***
ssim,arm_e_ppvae,arm_h_kl_cyc_fb,-1.181,***
ssim,arm_e_ppvae,arm_p_best,-0.066,n.s.
ssim,arm_e_ppvae,arm_o_prelu,2.158,***
ssim,arm_e_ppvae,dncnn_baseline,-0.259,**
ssim,arm_e_ppvae,ffdnet,-0.916,***
ssim,arm_e_ppvae,ircnn,-0.892,***
ssim,arm_e_ppvae,drunet,0.177,n.s.
ssim,arm_e_ppvae,swinir,0.992,***
ssim,arm_e_ppvae,nafnet,-1.739,***
ssim,arm_e_ppvae,scunet,-2.090,***
ssim,arm_e_ppvae,sharpxr,-1.467,***
ssim,arm_f_kl_cyc,arm_g_kl_fb,0.496,***
ssim,arm_f_kl_cyc,arm_h_kl_cyc_fb,0.138,n.s.
ssim,arm_f_kl_cyc,arm_p_best,1.266,***
ssim,arm_f_kl_cyc,arm_o_prelu,3.020,***
ssim,arm_f_kl_cyc,dncnn_baseline,1.194,***
ssim,arm_f_kl_cyc,ffdnet,0.399,***
ssim,arm_f_kl_cyc,ircnn,0.441,***
ssim,arm_f_kl_cyc,drunet,0.825,***
ssim,arm_f_kl_cyc,swinir,2.371,***
ssim,arm_f_kl_cyc,nafnet,-0.460,***
ssim,arm_f_kl_cyc,scunet,-0.798,***
ssim,arm_f_kl_cyc,sharpxr,-0.193,n.s.
ssim,arm_g_kl_fb,arm_h_kl_cyc_fb,-0.362,***
ssim,arm_g_kl_fb,arm_p_best,0.790,***
ssim,arm_g_kl_fb,arm_o_prelu,2.730,***
ssim,arm_g_kl_fb,dncnn_baseline,0.670,***
ssim,arm_g_kl_fb,ffdnet,-0.092,n.s.
ssim,arm_g_kl_fb,ircnn,-0.056,n.s.
ssim,arm_g_kl_fb,drunet,0.594,***
ssim,arm_g_kl_fb,swinir,1.903,***
ssim,arm_g_kl_fb,nafnet,-0.959,***
ssim,arm_g_kl_fb,scunet,-1.313,***
ssim,arm_g_kl_fb,sharpxr,-0.683,***
ssim,arm_h_kl_cyc_fb,arm_p_best,1.142,***
ssim,arm_h_kl_cyc_fb,arm_o_prelu,2.947,***
ssim,arm_h_kl_cyc_fb,dncnn_baseline,1.058,***
ssim,arm_h_kl_cyc_fb,ffdnet,0.266,***
ssim,arm_h_kl_cyc_fb,ircnn,0.306,***
ssim,arm_h_kl_cyc_fb,drunet,0.762,***
ssim,arm_h_kl_cyc_fb,swinir,2.257,***
ssim,arm_h_kl_cyc_fb,nafnet,-0.602,***
ssim,arm_h_kl_cyc_fb,scunet,-0.948,***
ssim,arm_h_kl_cyc_fb,sharpxr,-0.331,***
ssim,arm_p_best,arm_o_prelu,2.222,***
ssim,arm_p_best,dncnn_baseline,-0.193,n.s.
ssim,arm_p_best,ffdnet,-0.871,***
ssim,arm_p_best,ircnn,-0.846,***
ssim,arm_p_best,drunet,0.212,n.s.
ssim,arm_p_best,swinir,1.085,***
ssim,arm_p_best,nafnet,-1.715,***
ssim,arm_p_best,scunet,-2.077,***
ssim,arm_p_best,sharpxr,-1.436,***
ssim,arm_o_prelu,dncnn_baseline,-2.410,***
ssim,arm_o_prelu,ffdnet,-2.775,***
ssim,arm_o_prelu,ircnn,-2.766,***
ssim,arm_o_prelu,drunet,-1.316,***
ssim,arm_o_prelu,swinir,-1.538,***
ssim,arm_o_prelu,nafnet,-3.295,***
ssim,arm_o_prelu,scunet,-3.518,***
ssim,arm_o_prelu,sharpxr,-3.119,***
ssim,dncnn_baseline,ffdnet,-0.760,***
ssim,dncnn_baseline,ircnn,-0.732,***
ssim,dncnn_baseline,drunet,0.305,***
ssim,dncnn_baseline,swinir,1.377,***
ssim,dncnn_baseline,nafnet,-1.689,***
ssim,dncnn_baseline,scunet,-2.095,***
ssim,dncnn_baseline,sharpxr,-1.380,***
ssim,ffdnet,ircnn,0.037,n.s.
ssim,ffdnet,drunet,0.636,***
ssim,ffdnet,swinir,1.973,***
ssim,ffdnet,nafnet,-0.857,***
ssim,ffdnet,scunet,-1.205,***
ssim,ffdnet,sharpxr,-0.586,***
ssim,ircnn,drunet,0.620,***
ssim,ircnn,swinir,1.961,***
ssim,ircnn,nafnet,-0.906,***
ssim,ircnn,scunet,-1.260,***
ssim,ircnn,sharpxr,-0.630,***
ssim,drunet,swinir,0.326,***
ssim,drunet,nafnet,-1.041,***
ssim,drunet,scunet,-1.197,***
ssim,drunet,sharpxr,-0.914,***
ssim,swinir,nafnet,-2.820,***
ssim,swinir,scunet,-3.209,***
ssim,swinir,sharpxr,-2.525,***
ssim,nafnet,scunet,-0.325,***
ssim,nafnet,sharpxr,0.259,**
ssim,scunet,sharpxr,0.586,***
fsim,arm_a_l2,arm_i_l1,0.236,**
fsim,arm_a_l2,arm_j_l1_ssim_ffl,0.123,n.s.
fsim,arm_a_l2,arm_k_nll_l1,2.053,***
fsim,arm_a_l2,arm_b_nll,1.767,***
fsim,arm_a_l2,arm_c_nll_ssim,3.357,***
fsim,arm_a_l2,arm_d_nll_ssim_ffl,1.740,***
fsim,arm_a_l2,arm_l_nll_edge_ffl,2.218,***
fsim,arm_a_l2,arm_n_perc,3.208,***
fsim,arm_a_l2,arm_m_full_det,3.576,***
fsim,arm_a_l2,arm_e_ppvae,3.865,***
fsim,arm_a_l2,arm_f_kl_cyc,2.480,***
fsim,arm_a_l2,arm_g_kl_fb,3.128,***
fsim,arm_a_l2,arm_h_kl_cyc_fb,2.697,***
fsim,arm_a_l2,arm_p_best,3.870,***
fsim,arm_a_l2,arm_o_prelu,5.198,***
fsim,arm_a_l2,dncnn_baseline,2.581,***
fsim,arm_a_l2,ffdnet,3.017,***
fsim,arm_a_l2,ircnn,2.989,***
fsim,arm_a_l2,drunet,1.181,***
fsim,arm_a_l2,swinir,4.015,***
fsim,arm_a_l2,nafnet,0.321,***
fsim,arm_a_l2,scunet,-0.203,n.s.
fsim,arm_a_l2,sharpxr,0.746,***
fsim,arm_i_l1,arm_j_l1_ssim_ffl,-0.118,n.s.
fsim,arm_i_l1,arm_k_nll_l1,1.800,***
fsim,arm_i_l1,arm_b_nll,1.517,***
fsim,arm_i_l1,arm_c_nll_ssim,3.105,***
fsim,arm_i_l1,arm_d_nll_ssim_ffl,1.491,***
fsim,arm_i_l1,arm_l_nll_edge_ffl,1.963,***
fsim,arm_i_l1,arm_n_perc,2.953,***
fsim,arm_i_l1,arm_m_full_det,3.337,***
fsim,arm_i_l1,arm_e_ppvae,3.625,***
fsim,arm_i_l1,arm_f_kl_cyc,2.246,***
fsim,arm_i_l1,arm_g_kl_fb,2.879,***
fsim,arm_i_l1,arm_h_kl_cyc_fb,2.455,***
fsim,arm_i_l1,arm_p_best,3.627,***
fsim,arm_i_l1,arm_o_prelu,4.964,***
fsim,arm_i_l1,dncnn_baseline,2.336,***
fsim,arm_i_l1,ffdnet,2.773,***
fsim,arm_i_l1,ircnn,2.745,***
fsim,arm_i_l1,drunet,0.935,***
fsim,arm_i_l1,swinir,3.777,***
fsim,arm_i_l1,nafnet,0.083,n.s.
fsim,arm_i_l1,scunet,-0.440,***
fsim,arm_i_l1,sharpxr,0.511,***
fsim,arm_j_l1_ssim_ffl,arm_k_nll_l1,1.959,***
fsim,arm_j_l1_ssim_ffl,arm_b_nll,1.670,***
fsim,arm_j_l1_ssim_ffl,arm_c_nll_ssim,3.281,***
fsim,arm_j_l1_ssim_ffl,arm_d_nll_ssim_ffl,1.642,***
fsim,arm_j_l1_ssim_ffl,arm_l_nll_edge_ffl,2.126,***
fsim,arm_j_l1_ssim_ffl,arm_n_perc,3.130,***
fsim,arm_j_l1_ssim_ffl,arm_m_full_det,3.505,***
fsim,arm_j_l1_ssim_ffl,arm_e_ppvae,3.797,***
fsim,arm_j_l1_ssim_ffl,arm_f_kl_cyc,2.397,***
fsim,arm_j_l1_ssim_ffl,arm_g_kl_fb,3.050,***
fsim,arm_j_l1_ssim_ffl,arm_h_kl_cyc_fb,2.615,***
fsim,arm_j_l1_ssim_ffl,arm_p_best,3.802,***
fsim,arm_j_l1_ssim_ffl,arm_o_prelu,5.145,***
fsim,arm_j_l1_ssim_ffl,dncnn_baseline,2.497,***
fsim,arm_j_l1_ssim_ffl,ffdnet,2.938,***
fsim,arm_j_l1_ssim_ffl,ircnn,2.910,***
fsim,arm_j_l1_ssim_ffl,drunet,1.075,***
fsim,arm_j_l1_ssim_ffl,swinir,3.949,***
fsim,arm_j_l1_ssim_ffl,nafnet,0.203,n.s.
fsim,arm_j_l1_ssim_ffl,scunet,-0.331,***
fsim,arm_j_l1_ssim_ffl,sharpxr,0.637,***
fsim,arm_k_nll_l1,arm_b_nll,-0.284,***
fsim,arm_k_nll_l1,arm_c_nll_ssim,1.373,***
fsim,arm_k_nll_l1,arm_d_nll_ssim_ffl,-0.307,***
fsim,arm_k_nll_l1,arm_l_nll_edge_ffl,0.161,n.s.
fsim,arm_k_nll_l1,arm_n_perc,1.191,***
fsim,arm_k_nll_l1,arm_m_full_det,1.699,***
fsim,arm_k_nll_l1,arm_e_ppvae,1.986,***
fsim,arm_k_nll_l1,arm_f_kl_cyc,0.582,***
fsim,arm_k_nll_l1,arm_g_kl_fb,1.158,***
fsim,arm_k_nll_l1,arm_h_kl_cyc_fb,0.757,***
fsim,arm_k_nll_l1,arm_p_best,1.974,***
fsim,arm_k_nll_l1,arm_o_prelu,3.408,***
fsim,arm_k_nll_l1,dncnn_baseline,0.613,***
fsim,arm_k_nll_l1,ffdnet,1.072,***
fsim,arm_k_nll_l1,ircnn,1.046,***
fsim,arm_k_nll_l1,drunet,-0.877,***
fsim,arm_k_nll_l1,swinir,2.159,***
fsim,arm_k_nll_l1,nafnet,-1.718,***
fsim,arm_k_nll_l1,scunet,-2.279,***
fsim,arm_k_nll_l1,sharpxr,-1.246,***
fsim,arm_b_nll,arm_c_nll_ssim,1.647,***
fsim,arm_b_nll,arm_d_nll_ssim_ffl,-0.024,n.s.
fsim,arm_b_nll,arm_l_nll_edge_ffl,0.445,***
fsim,arm_b_nll,arm_n_perc,1.470,***
fsim,arm_b_nll,arm_m_full_det,1.959,***
fsim,arm_b_nll,arm_e_ppvae,2.246,***
fsim,arm_b_nll,arm_f_kl_cyc,0.846,***
fsim,arm_b_nll,arm_g_kl_fb,1.431,***
fsim,arm_b_nll,arm_h_kl_cyc_fb,1.026,***
fsim,arm_b_nll,arm_p_best,2.236,***
fsim,arm_b_nll,arm_o_prelu,3.655,***
fsim,arm_b_nll,dncnn_baseline,0.886,***
fsim,arm_b_nll,ffdnet,1.341,***
fsim,arm_b_nll,ircnn,1.315,***
fsim,arm_b_nll,drunet,-0.591,***
fsim,arm_b_nll,swinir,2.416,***
fsim,arm_b_nll,nafnet,-1.435,***
fsim,arm_b_nll,scunet,-1.990,***
fsim,arm_b_nll,sharpxr,-0.969,***
fsim,arm_c_nll_ssim,arm_d_nll_ssim_ffl,-1.667,***
fsim,arm_c_nll_ssim,arm_l_nll_edge_ffl,-1.219,***
fsim,arm_c_nll_ssim,arm_n_perc,-0.197,n.s.
fsim,arm_c_nll_ssim,arm_m_full_det,0.385,***
fsim,arm_c_nll_ssim,arm_e_ppvae,0.664,***
fsim,arm_c_nll_ssim,arm_f_kl_cyc,-0.716,***
fsim,arm_c_nll_ssim,arm_g_kl_fb,-0.200,n.s.
fsim,arm_c_nll_ssim,arm_h_kl_cyc_fb,-0.571,***
fsim,arm_c_nll_ssim,arm_p_best,0.641,***
fsim,arm_c_nll_ssim,arm_o_prelu,2.111,***
fsim,arm_c_nll_ssim,dncnn_baseline,-0.728,***
fsim,arm_c_nll_ssim,ffdnet,-0.268,***
fsim,arm_c_nll_ssim,ircnn,-0.293,***
fsim,arm_c_nll_ssim,drunet,-2.224,***
fsim,arm_c_nll_ssim,swinir,0.847,***
fsim,arm_c_nll_ssim,nafnet,-3.027,***
fsim,arm_c_nll_ssim,scunet,-3.586,***
fsim,arm_c_nll_ssim,sharpxr,-2.544,***
fsim,arm_d_nll_ssim_ffl,arm_l_nll_edge_ffl,0.468,***
fsim,arm_d_nll_ssim_ffl,arm_n_perc,1.490,***
fsim,arm_d_nll_ssim_ffl,arm_m_full_det,1.977,***
fsim,arm_d_nll_ssim_ffl,arm_e_ppvae,2.264,***
fsim,arm_d_nll_ssim_ffl,arm_f_kl_cyc,0.866,***
fsim,arm_d_nll_ssim_ffl,arm_g_kl_fb,1.451,***
fsim,arm_d_nll_ssim_ffl,arm_h_kl_cyc_fb,1.046,***
fsim,arm_d_nll_ssim_ffl,arm_p_best,2.254,***
fsim,arm_d_nll_ssim_ffl,arm_o_prelu,3.671,***
fsim,arm_d_nll_ssim_ffl,dncnn_baseline,0.907,***
fsim,arm_d_nll_ssim_ffl,ffdnet,1.362,***
fsim,arm_d_nll_ssim_ffl,ircnn,1.335,***
fsim,arm_d_nll_ssim_ffl,drunet,-0.566,***
fsim,arm_d_nll_ssim_ffl,swinir,2.434,***
fsim,arm_d_nll_ssim_ffl,nafnet,-1.409,***
fsim,arm_d_nll_ssim_ffl,scunet,-1.962,***
fsim,arm_d_nll_ssim_ffl,sharpxr,-0.944,***
fsim,arm_l_nll_edge_ffl,arm_n_perc,1.035,***
fsim,arm_l_nll_edge_ffl,arm_m_full_det,1.554,***
fsim,arm_l_nll_edge_ffl,arm_e_ppvae,1.841,***
fsim,arm_l_nll_edge_ffl,arm_f_kl_cyc,0.434,***
fsim,arm_l_nll_edge_ffl,arm_g_kl_fb,1.006,***
fsim,arm_l_nll_edge_ffl,arm_h_kl_cyc_fb,0.606,***
fsim,arm_l_nll_edge_ffl,arm_p_best,1.828,***
fsim,arm_l_nll_edge_ffl,arm_o_prelu,3.271,***
fsim,arm_l_nll_edge_ffl,dncnn_baseline,0.459,***
fsim,arm_l_nll_edge_ffl,ffdnet,0.921,***
fsim,arm_l_nll_edge_ffl,ircnn,0.895,***
fsim,arm_l_nll_edge_ffl,drunet,-1.039,***
fsim,arm_l_nll_edge_ffl,swinir,2.016,***
fsim,arm_l_nll_edge_ffl,nafnet,-1.882,***
fsim,arm_l_nll_edge_ffl,scunet,-2.446,***
fsim,arm_l_nll_edge_ffl,sharpxr,-1.404,***
fsim,arm_n_perc,arm_m_full_det,0.578,***
fsim,arm_n_perc,arm_e_ppvae,0.860,***
fsim,arm_n_perc,arm_f_kl_cyc,-0.536,***
fsim,arm_n_perc,arm_g_kl_fb,-0.006,n.s.
fsim,arm_n_perc,arm_h_kl_cyc_fb,-0.386,***
fsim,arm_n_perc,arm_p_best,0.839,***
fsim,arm_n_perc,arm_o_prelu,2.315,***
fsim,arm_n_perc,dncnn_baseline,-0.543,***
fsim,arm_n_perc,ffdnet,-0.078,n.s.
fsim,arm_n_perc,ircnn,-0.103,n.s.
fsim,arm_n_perc,drunet,-2.055,***
fsim,arm_n_perc,swinir,1.044,***
fsim,arm_n_perc,nafnet,-2.873,***
fsim,arm_n_perc,scunet,-3.441,***
fsim,arm_n_perc,sharpxr,-2.385,***
fsim,arm_m_full_det,arm_e_ppvae,0.267,***
fsim,arm_m_full_det,arm_f_kl_cyc,-1.057,***
fsim,arm_m_full_det,arm_g_kl_fb,-0.573,***
fsim,arm_m_full_det,arm_h_kl_cyc_fb,-0.924,***
fsim,arm_m_full_det,arm_p_best,0.242,**
fsim,arm_m_full_det,arm_o_prelu,1.675,***
fsim,arm_m_full_det,dncnn_baseline,-1.077,***
fsim,arm_m_full_det,ffdnet,-0.635,***
fsim,arm_m_full_det,ircnn,-0.659,***
fsim,arm_m_full_det,drunet,-2.505,***
fsim,arm_m_full_det,swinir,0.447,***
fsim,arm_m_full_det,nafnet,-3.264,***
fsim,arm_m_full_det,scunet,-3.792,***
fsim,arm_m_full_det,sharpxr,-2.805,***
fsim,arm_e_ppvae,arm_f_kl_cyc,-1.327,***
fsim,arm_e_ppvae,arm_g_kl_fb,-0.851,***
fsim,arm_e_ppvae,arm_h_kl_cyc_fb,-1.198,***
fsim,arm_e_ppvae,arm_p_best,-0.027,n.s.
fsim,arm_e_ppvae,arm_o_prelu,1.419,***
fsim,arm_e_ppvae,dncnn_baseline,-1.355,***
fsim,arm_e_ppvae,ffdnet,-0.910,***
fsim,arm_e_ppvae,ircnn,-0.933,***
fsim,arm_e_ppvae,drunet,-2.794,***
fsim,arm_e_ppvae,swinir,0.183,n.s.
fsim,arm_e_ppvae,nafnet,-3.551,***
fsim,arm_e_ppvae,scunet,-4.084,***
fsim,arm_e_ppvae,sharpxr,-3.087,***
fsim,arm_f_kl_cyc,arm_g_kl_fb,0.520,***
fsim,arm_f_kl_cyc,arm_h_kl_cyc_fb,0.152,n.s.
fsim,arm_f_kl_cyc,arm_p_best,1.309,***
fsim,arm_f_kl_cyc,arm_o_prelu,2.706,***
fsim,arm_f_kl_cyc,dncnn_baseline,0.010,n.s.
fsim,arm_f_kl_cyc,ffdnet,0.446,***
fsim,arm_f_kl_cyc,ircnn,0.422,***
fsim,arm_f_kl_cyc,drunet,-1.396,***
fsim,arm_f_kl_cyc,swinir,1.498,***
fsim,arm_f_kl_cyc,nafnet,-2.171,***
fsim,arm_f_kl_cyc,scunet,-2.690,***
fsim,arm_f_kl_cyc,sharpxr,-1.726,***
fsim,arm_g_kl_fb,arm_h_kl_cyc_fb,-0.372,***
fsim,arm_g_kl_fb,arm_p_best,0.829,***
fsim,arm_g_kl_fb,arm_o_prelu,2.283,***
fsim,arm_g_kl_fb,dncnn_baseline,-0.526,***
fsim,arm_g_kl_fb,ffdnet,-0.070,n.s.
fsim,arm_g_kl_fb,ircnn,-0.095,n.s.
fsim,arm_g_kl_fb,drunet,-2.003,***
fsim,arm_g_kl_fb,swinir,1.031,***
fsim,arm_g_kl_fb,nafnet,-2.802,***
fsim,arm_g_kl_fb,scunet,-3.353,***
fsim,arm_g_kl_fb,sharpxr,-2.327,***
fsim,arm_h_kl_cyc_fb,arm_p_best,1.180,***
fsim,arm_h_kl_cyc_fb,arm_o_prelu,2.602,***
fsim,arm_h_kl_cyc_fb,dncnn_baseline,-0.147,n.s.
fsim,arm_h_kl_cyc_fb,ffdnet,0.299,***
fsim,arm_h_kl_cyc_fb,ircnn,0.274,***
fsim,arm_h_kl_cyc_fb,drunet,-1.588,***
fsim,arm_h_kl_cyc_fb,swinir,1.373,***
fsim,arm_h_kl_cyc_fb,nafnet,-2.378,***
fsim,arm_h_kl_cyc_fb,scunet,-2.914,***
fsim,arm_h_kl_cyc_fb,sharpxr,-1.920,***
fsim,arm_p_best,arm_o_prelu,1.454,***
fsim,arm_p_best,dncnn_baseline,-1.337,***
fsim,arm_p_best,ffdnet,-0.889,***
fsim,arm_p_best,ircnn,-0.913,***
fsim,arm_p_best,drunet,-2.789,***
fsim,arm_p_best,swinir,0.211,n.s.
fsim,arm_p_best,nafnet,-3.553,***
fsim,arm_p_best,scunet,-4.091,***
fsim,arm_p_best,sharpxr,-3.084,***
fsim,arm_o_prelu,dncnn_baseline,-2.766,***
fsim,arm_o_prelu,ffdnet,-2.328,***
fsim,arm_o_prelu,ircnn,-2.350,***
fsim,arm_o_prelu,drunet,-4.180,***
fsim,arm_o_prelu,swinir,-1.231,***
fsim,arm_o_prelu,nafnet,-4.895,***
fsim,arm_o_prelu,scunet,-5.415,***
fsim,arm_o_prelu,sharpxr,-4.434,***
fsim,dncnn_baseline,ffdnet,0.450,***
fsim,dncnn_baseline,ircnn,0.425,***
fsim,dncnn_baseline,drunet,-1.455,***
fsim,dncnn_baseline,swinir,1.530,***
fsim,dncnn_baseline,nafnet,-2.258,***
fsim,dncnn_baseline,scunet,-2.801,***
fsim,dncnn_baseline,sharpxr,-1.795,***
fsim,ffdnet,ircnn,-0.025,n.s.
fsim,ffdnet,drunet,-1.906,***
fsim,ffdnet,swinir,1.088,***
fsim,ffdnet,nafnet,-2.696,***
fsim,ffdnet,scunet,-3.238,***
fsim,ffdnet,sharpxr,-2.230,***
fsim,ircnn,drunet,-1.879,***
fsim,ircnn,swinir,1.111,***
fsim,ircnn,nafnet,-2.668,***
fsim,ircnn,scunet,-3.209,***
fsim,ircnn,sharpxr,-2.203,***
fsim,drunet,swinir,2.957,***
fsim,drunet,nafnet,-0.852,***
fsim,drunet,scunet,-1.398,***
fsim,drunet,sharpxr,-0.397,***
fsim,swinir,nafnet,-3.705,***
fsim,swinir,scunet,-4.232,***
fsim,swinir,sharpxr,-3.244,***
fsim,nafnet,scunet,-0.526,***
fsim,nafnet,sharpxr,0.430,***
fsim,scunet,sharpxr,0.950,***
lpips,arm_a_l2,arm_i_l1,0.098,n.s.
lpips,arm_a_l2,arm_j_l1_ssim_ffl,0.034,n.s.
lpips,arm_a_l2,arm_k_nll_l1,1.571,***
lpips,arm_a_l2,arm_b_nll,1.322,***
lpips,arm_a_l2,arm_c_nll_ssim,3.233,***
lpips,arm_a_l2,arm_d_nll_ssim_ffl,1.333,***
lpips,arm_a_l2,arm_l_nll_edge_ffl,1.704,***
lpips,arm_a_l2,arm_n_perc,3.015,***
lpips,arm_a_l2,arm_m_full_det,3.977,***
lpips,arm_a_l2,arm_e_ppvae,4.146,***
lpips,arm_a_l2,arm_f_kl_cyc,2.217,***
lpips,arm_a_l2,arm_g_kl_fb,3.052,***
lpips,arm_a_l2,arm_h_kl_cyc_fb,2.411,***
lpips,arm_a_l2,arm_p_best,4.187,***
lpips,arm_a_l2,arm_o_prelu,7.161,***
lpips,arm_a_l2,dncnn_baseline,2.002,***
lpips,arm_a_l2,ffdnet,2.735,***
lpips,arm_a_l2,ircnn,2.677,***
lpips,arm_a_l2,drunet,0.314,***
lpips,arm_a_l2,swinir,5.671,***
lpips,arm_a_l2,nafnet,0.142,n.s.
lpips,arm_a_l2,scunet,-0.164,n.s.
lpips,arm_a_l2,sharpxr,0.322,***
lpips,arm_i_l1,arm_j_l1_ssim_ffl,-0.065,n.s.
lpips,arm_i_l1,arm_k_nll_l1,1.463,***
lpips,arm_i_l1,arm_b_nll,1.215,***
lpips,arm_i_l1,arm_c_nll_ssim,3.108,***
lpips,arm_i_l1,arm_d_nll_ssim_ffl,1.225,***
lpips,arm_i_l1,arm_l_nll_edge_ffl,1.596,***
lpips,arm_i_l1,arm_n_perc,2.888,***
lpips,arm_i_l1,arm_m_full_det,3.838,***
lpips,arm_i_l1,arm_e_ppvae,4.005,***
lpips,arm_i_l1,arm_f_kl_cyc,2.094,***
lpips,arm_i_l1,arm_g_kl_fb,2.924,***
lpips,arm_i_l1,arm_h_kl_cyc_fb,2.287,***
lpips,arm_i_l1,arm_p_best,4.045,***
lpips,arm_i_l1,arm_o_prelu,6.950,***
lpips,arm_i_l1,dncnn_baseline,1.878,***
lpips,arm_i_l1,ffdnet,2.613,***
lpips,arm_i_l1,ircnn,2.549,***
lpips,arm_i_l1,drunet,0.201,n.s.
lpips,arm_i_l1,swinir,5.507,***
lpips,arm_i_l1,nafnet,0.041,n.s.
lpips,arm_i_l1,scunet,-0.261,**
lpips,arm_i_l1,sharpxr,0.222,*
lpips,arm_j_l1_ssim_ffl,arm_k_nll_l1,1.555,***
lpips,arm_j_l1_ssim_ffl,arm_b_nll,1.303,***
lpips,arm_j_l1_ssim_ffl,arm_c_nll_ssim,3.235,***
lpips,arm_j_l1_ssim_ffl,arm_d_nll_ssim_ffl,1.314,***
lpips,arm_j_l1_ssim_ffl,arm_l_nll_edge_ffl,1.690,***
lpips,arm_j_l1_ssim_ffl,arm_n_perc,3.014,***
lpips,arm_j_l1_ssim_ffl,arm_m_full_det,3.989,***
lpips,arm_j_l1_ssim_ffl,arm_e_ppvae,4.159,***
lpips,arm_j_l1_ssim_ffl,arm_f_kl_cyc,2.209,***
lpips,arm_j_l1_ssim_ffl,arm_g_kl_fb,3.053,***
lpips,arm_j_l1_ssim_ffl,arm_h_kl_cyc_fb,2.405,***
lpips,arm_j_l1_ssim_ffl,arm_p_best,4.201,***
lpips,arm_j_l1_ssim_ffl,arm_o_prelu,7.230,***
lpips,arm_j_l1_ssim_ffl,dncnn_baseline,1.991,***
lpips,arm_j_l1_ssim_ffl,ffdnet,2.732,***
lpips,arm_j_l1_ssim_ffl,ircnn,2.673,***
lpips,arm_j_l1_ssim_ffl,drunet,0.280,***
lpips,arm_j_l1_ssim_ffl,swinir,5.705,***
lpips,arm_j_l1_ssim_ffl,nafnet,0.109,n.s.
lpips,arm_j_l1_ssim_ffl,scunet,-0.200,n.s.
lpips,arm_j_l1_ssim_ffl,sharpxr,0.292,***
lpips,arm_k_nll_l1,arm_b_nll,-0.247,**
lpips,arm_k_nll_l1,arm_c_nll_ssim,1.568,***
lpips,arm_k_nll_l1,arm_d_nll_ssim_ffl,-0.243,**
lpips,arm_k_nll_l1,arm_l_nll_edge_ffl,0.139,n.s.
lpips,arm_k_nll_l1,arm_n_perc,1.323,***
lpips,arm_k_nll_l1,arm_m_full_det,2.216,***
lpips,arm_k_nll_l1,arm_e_ppvae,2.378,***
lpips,arm_k_nll_l1,arm_f_kl_cyc,0.517,***
lpips,arm_k_nll_l1,arm_g_kl_fb,1.352,***
lpips,arm_k_nll_l1,arm_h_kl_cyc_fb,0.709,***
lpips,arm_k_nll_l1,arm_p_best,2.409,***
lpips,arm_k_nll_l1,arm_o_prelu,4.926,***
lpips,arm_k_nll_l1,dncnn_baseline,0.279,***
lpips,arm_k_nll_l1,ffdnet,1.081,***
lpips,arm_k_nll_l1,ircnn,0.958,***
lpips,arm_k_nll_l1,drunet,-1.433,***
lpips,arm_k_nll_l1,swinir,3.762,***
lpips,arm_k_nll_l1,nafnet,-1.459,***
lpips,arm_k_nll_l1,scunet,-1.739,***
lpips,arm_k_nll_l1,sharpxr,-1.250,***
lpips,arm_b_nll,arm_c_nll_ssim,1.826,***
lpips,arm_b_nll,arm_d_nll_ssim_ffl,0.005,n.s.
lpips,arm_b_nll,arm_l_nll_edge_ffl,0.385,***
lpips,arm_b_nll,arm_n_perc,1.585,***
lpips,arm_b_nll,arm_m_full_det,2.487,***
lpips,arm_b_nll,arm_e_ppvae,2.650,***
lpips,arm_b_nll,arm_f_kl_cyc,0.781,***
lpips,arm_b_nll,arm_g_kl_fb,1.615,***
lpips,arm_b_nll,arm_h_kl_cyc_fb,0.974,***
lpips,arm_b_nll,arm_p_best,2.682,***
lpips,arm_b_nll,arm_o_prelu,5.257,***
lpips,arm_b_nll,dncnn_baseline,0.547,***
lpips,arm_b_nll,ffdnet,1.338,***
lpips,arm_b_nll,ircnn,1.225,***
lpips,arm_b_nll,drunet,-1.159,***
lpips,arm_b_nll,swinir,4.051,***
lpips,arm_b_nll,nafnet,-1.205,***
lpips,arm_b_nll,scunet,-1.489,***
lpips,arm_b_nll,sharpxr,-1.001,***
lpips,arm_c_nll_ssim,arm_d_nll_ssim_ffl,-1.829,***
lpips,arm_c_nll_ssim,arm_l_nll_edge_ffl,-1.416,***
lpips,arm_c_nll_ssim,arm_n_perc,-0.279,***
lpips,arm_c_nll_ssim,arm_m_full_det,0.605,***
lpips,arm_c_nll_ssim,arm_e_ppvae,0.771,***
lpips,arm_c_nll_ssim,arm_f_kl_cyc,-1.139,***
lpips,arm_c_nll_ssim,arm_g_kl_fb,-0.256,**
lpips,arm_c_nll_ssim,arm_h_kl_cyc_fb,-0.936,***
lpips,arm_c_nll_ssim,arm_p_best,0.795,***
lpips,arm_c_nll_ssim,arm_o_prelu,3.137,***
lpips,arm_c_nll_ssim,dncnn_baseline,-1.411,***
lpips,arm_c_nll_ssim,ffdnet,-0.503,***
lpips,arm_c_nll_ssim,ircnn,-0.686,***
lpips,arm_c_nll_ssim,drunet,-3.266,***
lpips,arm_c_nll_ssim,swinir,2.122,***
lpips,arm_c_nll_ssim,nafnet,-3.144,***
lpips,arm_c_nll_ssim,scunet,-3.418,***
lpips,arm_c_nll_ssim,sharpxr,-2.892,***
lpips,arm_d_nll_ssim_ffl,arm_l_nll_edge_ffl,0.381,***
lpips,arm_d_nll_ssim_ffl,arm_n_perc,1.587,***
lpips,arm_d_nll_ssim_ffl,arm_m_full_det,2.493,***
lpips,arm_d_nll_ssim_ffl,arm_e_ppvae,2.656,***
lpips,arm_d_nll_ssim_ffl,arm_f_kl_cyc,0.780,***
lpips,arm_d_nll_ssim_ffl,arm_g_kl_fb,1.618,***
lpips,arm_d_nll_ssim_ffl,arm_h_kl_cyc_fb,0.973,***
lpips,arm_d_nll_ssim_ffl,arm_p_best,2.689,***
lpips,arm_d_nll_ssim_ffl,arm_o_prelu,5.281,***
lpips,arm_d_nll_ssim_ffl,dncnn_baseline,0.544,***
lpips,arm_d_nll_ssim_ffl,ffdnet,1.339,***
lpips,arm_d_nll_ssim_ffl,ircnn,1.226,***
lpips,arm_d_nll_ssim_ffl,drunet,-1.170,***
lpips,arm_d_nll_ssim_ffl,swinir,4.065,***
lpips,arm_d_nll_ssim_ffl,nafnet,-1.216,***
lpips,arm_d_nll_ssim_ffl,scunet,-1.501,***
lpips,arm_d_nll_ssim_ffl,sharpxr,-1.010,***
lpips,arm_l_nll_edge_ffl,arm_n_perc,1.171,***
lpips,arm_l_nll_edge_ffl,arm_m_full_det,2.055,***
lpips,arm_l_nll_edge_ffl,arm_e_ppvae,2.216,***
lpips,arm_l_nll_edge_ffl,arm_f_kl_cyc,0.366,***
lpips,arm_l_nll_edge_ffl,arm_g_kl_fb,1.199,***
lpips,arm_l_nll_edge_ffl,arm_h_kl_cyc_fb,0.558,***
lpips,arm_l_nll_edge_ffl,arm_p_best,2.246,***
lpips,arm_l_nll_edge_ffl,arm_o_prelu,4.715,***
lpips,arm_l_nll_edge_ffl,dncnn_baseline,0.127,n.s.
lpips,arm_l_nll_edge_ffl,ffdnet,0.932,***
lpips,arm_l_nll_edge_ffl,ircnn,0.805,***
lpips,arm_l_nll_edge_ffl,drunet,-1.579,***
lpips,arm_l_nll_edge_ffl,swinir,3.583,***
lpips,arm_l_nll_edge_ffl,nafnet,-1.595,***
lpips,arm_l_nll_edge_ffl,scunet,-1.873,***
lpips,arm_l_nll_edge_ffl,sharpxr,-1.384,***
lpips,arm_n_perc,arm_m_full_det,0.907,***
lpips,arm_n_perc,arm_e_ppvae,1.075,***
lpips,arm_n_perc,arm_f_kl_cyc,-0.871,***
lpips,arm_n_perc,arm_g_kl_fb,0.025,n.s.
lpips,arm_n_perc,arm_h_kl_cyc_fb,-0.665,***
lpips,arm_n_perc,arm_p_best,1.102,***
lpips,arm_n_perc,arm_o_prelu,3.557,***
lpips,arm_n_perc,dncnn_baseline,-1.145,***
lpips,arm_n_perc,ffdnet,-0.232,*
lpips,arm_n_perc,ircnn,-0.410,***
lpips,arm_n_perc,drunet,-3.033,***
lpips,arm_n_perc,swinir,2.469,***
lpips,arm_n_perc,nafnet,-2.921,***
lpips,arm_n_perc,scunet,-3.202,***
lpips,arm_n_perc,sharpxr,-2.667,***
lpips,arm_m_full_det,arm_e_ppvae,0.172,n.s.
lpips,arm_m_full_det,arm_f_kl_cyc,-1.817,***
lpips,arm_m_full_det,arm_g_kl_fb,-0.885,***
lpips,arm_m_full_det,arm_h_kl_cyc_fb,-1.603,***
lpips,arm_m_full_det,arm_p_best,0.195,n.s.
lpips,arm_m_full_det,arm_o_prelu,2.562,***
lpips,arm_m_full_det,dncnn_baseline,-2.114,***
lpips,arm_m_full_det,ffdnet,-1.129,***
lpips,arm_m_full_det,ircnn,-1.345,***
lpips,arm_m_full_det,drunet,-4.108,***
lpips,arm_m_full_det,swinir,1.555,***
lpips,arm_m_full_det,nafnet,-3.898,***
lpips,arm_m_full_det,scunet,-4.177,***
lpips,arm_m_full_det,sharpxr,-3.615,***
lpips,arm_e_ppvae,arm_f_kl_cyc,-1.990,***
lpips,arm_e_ppvae,arm_g_kl_fb,-1.055,***
lpips,arm_e_ppvae,arm_h_kl_cyc_fb,-1.775,***
lpips,arm_e_ppvae,arm_p_best,0.022,n.s.
lpips,arm_e_ppvae,arm_o_prelu,2.360,***
lpips,arm_e_ppvae,dncnn_baseline,-2.290,***
lpips,arm_e_ppvae,ffdnet,-1.295,***
lpips,arm_e_ppvae,ircnn,-1.518,***
lpips,arm_e_ppvae,drunet,-4.295,***
lpips,arm_e_ppvae,swinir,1.375,***
lpips,arm_e_ppvae,nafnet,-4.069,***
lpips,arm_e_ppvae,scunet,-4.346,***
lpips,arm_e_ppvae,sharpxr,-3.782,***
lpips,arm_f_kl_cyc,arm_g_kl_fb,0.901,***
lpips,arm_f_kl_cyc,arm_h_kl_cyc_fb,0.208,n.s.
lpips,arm_f_kl_cyc,arm_p_best,2.022,***
lpips,arm_f_kl_cyc,arm_o_prelu,4.720,***
lpips,arm_f_kl_cyc,dncnn_baseline,-0.265,***
lpips,arm_f_kl_cyc,ffdnet,0.620,***
lpips,arm_f_kl_cyc,ircnn,0.473,***
lpips,arm_f_kl_cyc,drunet,-2.155,***
lpips,arm_f_kl_cyc,swinir,3.460,***
lpips,arm_f_kl_cyc,nafnet,-2.109,***
lpips,arm_f_kl_cyc,scunet,-2.404,***
lpips,arm_f_kl_cyc,sharpxr,-1.868,***
lpips,arm_g_kl_fb,arm_h_kl_cyc_fb,-0.693,***
lpips,arm_g_kl_fb,arm_p_best,1.082,***
lpips,arm_g_kl_fb,arm_o_prelu,3.548,***
lpips,arm_g_kl_fb,dncnn_baseline,-1.177,***
lpips,arm_g_kl_fb,ffdnet,-0.258,**
lpips,arm_g_kl_fb,ircnn,-0.437,***
lpips,arm_g_kl_fb,drunet,-3.076,***
lpips,arm_g_kl_fb,swinir,2.454,***
lpips,arm_g_kl_fb,nafnet,-2.959,***
lpips,arm_g_kl_fb,scunet,-3.241,***
lpips,arm_g_kl_fb,sharpxr,-2.703,***
lpips,arm_h_kl_cyc_fb,arm_p_best,1.806,***
lpips,arm_h_kl_cyc_fb,arm_o_prelu,4.451,***
lpips,arm_h_kl_cyc_fb,dncnn_baseline,-0.476,***
lpips,arm_h_kl_cyc_fb,ffdnet,0.418,***
lpips,arm_h_kl_cyc_fb,ircnn,0.263,**
lpips,arm_h_kl_cyc_fb,drunet,-2.370,***
lpips,arm_h_kl_cyc_fb,swinir,3.229,***
lpips,arm_h_kl_cyc_fb,nafnet,-2.307,***
lpips,arm_h_kl_cyc_fb,scunet,-2.598,***
lpips,arm_h_kl_cyc_fb,sharpxr,-2.061,***
lpips,arm_p_best,arm_o_prelu,2.349,***
lpips,arm_p_best,dncnn_baseline,-2.325,***
lpips,arm_p_best,ffdnet,-1.322,***
lpips,arm_p_best,ircnn,-1.548,***
lpips,arm_p_best,drunet,-4.344,***
lpips,arm_p_best,swinir,1.359,***
lpips,arm_p_best,nafnet,-4.111,***
lpips,arm_p_best,scunet,-4.390,***
lpips,arm_p_best,sharpxr,-3.822,***
lpips,arm_o_prelu,dncnn_baseline,-5.155,***
lpips,arm_o_prelu,ffdnet,-3.760,***
lpips,arm_o_prelu,ircnn,-4.161,***
lpips,arm_o_prelu,drunet,-7.912,***
lpips,arm_o_prelu,swinir,-0.865,***
lpips,arm_o_prelu,nafnet,-7.146,***
lpips,arm_o_prelu,scunet,-7.437,***
lpips,arm_o_prelu,sharpxr,-6.694,***
lpips,dncnn_baseline,ffdnet,0.885,***
lpips,dncnn_baseline,ircnn,0.746,***
lpips,dncnn_baseline,drunet,-1.918,***
lpips,dncnn_baseline,swinir,3.806,***
lpips,dncnn_baseline,nafnet,-1.889,***
lpips,dncnn_baseline,scunet,-2.191,***
lpips,dncnn_baseline,sharpxr,-1.647,***
lpips,ffdnet,ircnn,-0.166,n.s.
lpips,ffdnet,drunet,-2.719,***
lpips,ffdnet,swinir,2.674,***
lpips,ffdnet,nafnet,-2.638,***
lpips,ffdnet,scunet,-2.917,***
lpips,ffdnet,sharpxr,-2.396,***
lpips,ircnn,drunet,-2.666,***
lpips,ircnn,swinir,2.967,***
lpips,ircnn,nafnet,-2.576,***
lpips,ircnn,scunet,-2.867,***
lpips,ircnn,sharpxr,-2.323,***
lpips,drunet,swinir,6.028,***
lpips,drunet,nafnet,-0.162,n.s.
lpips,drunet,scunet,-0.500,***
lpips,drunet,sharpxr,0.047,n.s.
lpips,swinir,nafnet,-5.619,***
lpips,swinir,scunet,-5.895,***
lpips,swinir,sharpxr,-5.277,***
lpips,nafnet,scunet,-0.309,***
lpips,nafnet,sharpxr,0.187,n.s.
lpips,scunet,sharpxr,0.487,***
