img_idx,class,preset,psnr
0,Normal,low,22.110993816122967
1,Normal,low,21.467308624120655
2,Normal,low,22.063319578691647
3,Normal,low,21.997075859198162
4,Normal,low,21.29721723399589
5,Normal,low,21.962248954566917
6,Normal,low,21.65808752481253
7,Normal,low,21.264603218230477
8,Normal,low,21.689810366943107
9,Normal,low,21.78875270214554
10,Normal,low,21.989738136977625
11,Normal,low,21.774368125759658
12,Normal,low,22.18624024146572
13,Normal,low,21.627831641871033
14,Normal,low,23.62163816340187
15,Normal,low,21.532604846576525
16,Normal,low,21.197339483830447
17,Normal,low,22.250789479916087
18,Normal,low,21.976806685552035
19,Normal,low,21.87976847371558
20,Normal,low,22.05256269872433
21,Normal,low,21.610337515277006
22,Normal,low,22.01072235810758
23,Normal,low,21.123869372380707
24,Normal,low,21.777204449322312
25,Normal,low,22.206363608078206
26,Normal,low,22.201419785440404
27,Normal,low,22.159929404016566
28,Normal,low,21.589350787166964
29,Normal,low,21.094827144987406
30,Normal,low,21.275993011657196
31,Normal,low,22.342429522962437
32,Normal,low,21.52122254966946
33,Normal,low,21.460680992367834
34,Normal,low,22.461815745605822
35,Normal,low,22.242942584831393
36,Normal,low,22.19136040620282
37,Normal,low,21.30787547465213
38,Normal,low,21.971022819588338
39,Normal,low,21.68075336172099
40,Normal,low,21.518198249586217
41,Normal,low,22.45188521757651
42,Normal,low,21.48506550839805
43,Normal,low,22.484888110011454
44,Normal,low,21.87705974445281
45,Normal,low,21.657045726917545
46,Normal,low,22.32423391457093
47,Normal,low,22.237460314692157
48,Normal,low,21.783127797821077
49,Normal,low,21.81747441923095
50,Normal,low,21.44813819313726
51,Normal,low,21.87186082744801
52,Normal,low,21.97661380837323
53,Normal,low,22.549000783858556
54,Normal,low,22.04757270715412
55,Normal,low,22.509121127955147
56,Normal,low,21.439041340318504
57,Normal,low,21.41912374024903
58,Normal,low,21.799310351911984
59,Normal,low,21.588192117994033
60,Normal,low,21.961569032528935
61,Normal,low,22.512740900213913
62,Normal,low,21.53368256338212
63,Normal,low,21.95453269258209
64,Normal,low,21.76722981596044
65,Normal,low,21.551392031093904
66,Normal,low,21.314337300423123
67,Normal,low,21.344261787840132
68,Normal,low,21.310457027702455
69,Normal,low,21.398870880704386
70,Normal,low,22.076837183332483
71,Normal,low,22.219065886530984
72,Normal,low,21.19637430348789
73,Normal,low,21.800277562235113
74,Normal,low,20.856538069179628
75,Normal,low,21.237394834606906
76,Normal,low,21.566353697903452
77,Normal,low,22.112912885333266
78,Normal,low,21.738374136685557
79,Normal,low,21.872494478243297
80,Normal,low,21.90975501704324
81,Normal,low,21.601529957531554
82,Normal,low,21.633397581627243
83,Normal,low,21.97194082928752
84,Normal,low,22.128472666510277
85,Normal,low,22.6077764417214
86,Normal,low,21.682067767403403
87,Normal,low,21.84520072822901
88,Normal,low,21.74703180327373
89,Normal,low,21.381450292690303
90,Normal,low,22.22525341290448
91,Normal,low,22.23127397749208
92,Normal,low,21.605408596653625
93,Normal,low,21.600292026649687
94,Normal,low,21.532619237400276
95,Normal,low,21.59007168552321
96,Normal,low,22.118937724978956
97,Normal,low,21.603398925011227
98,Normal,low,21.760226965825748
99,Normal,low,21.639380371684794
100,Normal,low,22.011872806732484
101,Normal,low,21.86434405992593
102,Normal,low,22.696901876308793
103,Normal,low,21.82523584623258
104,Normal,low,22.18907994036906
105,Normal,low,22.573612043124612
106,Normal,low,21.885562801185586
107,Normal,low,21.485439882215527
108,Normal,low,21.554883300809692
109,Normal,low,22.146025462379264
110,Normal,low,22.197481722978868
111,Normal,low,22.722165340521208
112,Normal,low,21.57069402310162
113,Normal,low,21.32496690072451
114,Normal,low,21.803719945783776
115,Normal,low,21.614822063227678
116,Normal,low,22.142454242437953
117,Normal,low,21.426924539546746
118,Normal,low,21.839126072052515
119,Normal,low,21.441386128007967
120,Normal,low,22.136733094669783
121,Normal,low,22.220589516670366
122,Normal,low,21.769687587170495
123,Normal,low,22.137489634410436
124,Normal,low,22.16304445051774
125,Normal,low,22.331026674799045
126,Normal,low,21.788017291783426
127,Normal,low,21.397953614540064
128,Normal,low,22.243811426721596
129,Normal,low,22.06518971049327
130,Normal,low,22.33364700534733
131,Normal,low,21.73883498068652
132,Normal,low,21.635377569236923
133,Normal,low,21.9661558028994
134,Normal,low,21.71772084720914
135,Normal,low,22.29256780745116
136,Normal,low,21.870680914790196
137,Normal,low,22.073120608596895
138,Normal,low,22.34417677963946
139,Normal,low,21.935055819833693
140,Normal,low,21.62420042107438
141,Normal,low,21.066634984087223
142,Normal,low,21.318389527688343
143,Normal,low,22.15046359121196
144,Normal,low,21.526305671078685
145,Normal,low,22.083984797429594
146,Normal,low,21.70175752557642
147,Normal,low,21.328367240678006
148,Normal,low,21.451582998790812
149,Normal,low,21.982150077945313
150,Normal,low,21.635015093292434
151,Normal,low,21.436631377411466
152,Normal,low,21.474535063574066
153,Normal,low,21.2043339233076
154,Normal,low,21.33201922942675
155,Normal,low,22.059494319388545
156,Normal,low,21.520835893482804
157,Normal,low,22.33013329351584
158,Normal,low,21.881734614840983
159,Normal,low,21.98542284108015
160,Normal,low,21.31081774168681
161,Normal,low,22.26133175042974
162,Normal,low,22.046609414030577
163,Normal,low,22.137745041812632
164,Normal,low,21.933187541526173
165,Normal,low,21.511897577363705
166,Normal,low,23.04456552474763
167,Normal,low,21.019640460796776
168,Normal,low,22.01325439047747
169,Normal,low,21.773864855114276
170,Normal,low,21.878304970393927
171,Normal,low,22.066872508898395
172,Normal,low,22.64100234252441
173,Normal,low,21.302293054936023
174,Normal,low,21.538782891935412
175,Normal,low,22.007748029533868
176,Normal,low,21.639288928866097
177,Normal,low,21.428914306926043
178,Normal,low,21.15713830919226
179,Normal,low,21.11446379756719
180,Normal,low,21.288965976088015
181,Normal,low,21.193967748302637
182,Normal,low,21.944552004154914
183,Normal,low,22.038795620980682
184,Normal,low,21.778916636886855
185,Normal,low,22.213753715978463
186,Normal,low,21.43694247412001
187,Normal,low,21.350928727345146
188,Normal,low,21.985315508729553
189,Normal,low,21.815257307642845
190,Normal,low,21.432278924251676
191,Normal,low,22.436210861017255
192,Normal,low,21.1894873390441
193,Normal,low,22.428765589682325
194,Normal,low,21.419265621311045
195,Normal,low,21.62498769238156
196,Normal,low,21.847129618032277
197,Normal,low,21.877615627032185
198,Normal,low,21.44511977549072
199,Normal,low,21.95427007432135
200,Normal,low,21.66958788615569
201,Normal,low,22.199634378818523
202,Normal,low,21.334865425956014
203,Normal,low,22.117146386284997
204,Normal,low,21.753415568283295
205,Normal,low,22.22311704190421
206,Normal,low,22.214084021124464
207,Normal,low,22.10252026189895
208,Normal,low,21.987681588367263
209,Normal,low,21.67130629870815
210,Normal,low,21.492784416845065
211,Normal,low,21.99352674265039
212,Normal,low,21.526517201777263
213,Normal,low,21.47206303839829
214,Normal,low,21.93782088146406
215,Normal,low,21.091914722197792
216,Normal,low,21.605511621771505
217,Normal,low,20.864319048086955
218,Normal,low,21.590985228628014
219,Normal,low,21.528851046188507
220,Normal,low,21.954641169976465
221,Normal,low,22.186907077576592
222,Normal,low,21.90823398871155
223,Normal,low,21.55830905107209
224,Normal,low,22.37996819648249
225,Normal,low,21.46335700492621
226,Normal,low,22.073296305479793
227,Normal,low,21.640027015851935
228,Normal,low,22.312516318899714
229,Normal,low,21.706497494824568
230,Normal,low,21.607782307015
231,Normal,low,21.51962648755026
232,Normal,low,22.227881949540283
233,Normal,low,21.800910038369345
234,Bacterial,low,20.956655597972123
235,Bacterial,low,21.16029980820235
236,Bacterial,low,21.993004785342013
237,Bacterial,low,21.365710389433467
238,Bacterial,low,21.470259946747664
239,Bacterial,low,22.025812605837164
240,Bacterial,low,21.8717282579844
241,Bacterial,low,21.641610402515102
242,Bacterial,low,21.971631938597895
243,Bacterial,low,21.803801437253686
244,Bacterial,low,22.060267421704435
245,Bacterial,low,22.25636987408738
246,Bacterial,low,21.65012857086177
247,Bacterial,low,21.184507319667027
248,Bacterial,low,22.291445443311755
249,Bacterial,low,21.835524360515564
250,Bacterial,low,21.112066663319112
251,Bacterial,low,22.123126985635974
252,Bacterial,low,21.66470286052416
253,Bacterial,low,21.820917548096993
254,Bacterial,low,22.073698251053024
255,Bacterial,low,22.00783215640684
256,Bacterial,low,22.31055968545948
257,Bacterial,low,21.69665954990421
258,Bacterial,low,21.594997525797858
259,Bacterial,low,21.998045206535714
260,Bacterial,low,21.76723103113168
261,Bacterial,low,22.31176276257913
262,Bacterial,low,22.040908878021344
263,Bacterial,low,22.063540738586227
264,Bacterial,low,22.666575519076275
265,Bacterial,low,21.761743140369354
266,Bacterial,low,21.92811838625387
267,Bacterial,low,22.65518580853973
268,Bacterial,low,21.882165382533636
269,Bacterial,low,21.968400094343657
270,Bacterial,low,21.52664768916685
271,Bacterial,low,23.021625763713864
272,Bacterial,low,21.829162752019652
273,Bacterial,low,21.25634746455725
274,Bacterial,low,22.640988597177135
275,Bacterial,low,21.094023926625326
276,Bacterial,low,22.339991753671885
277,Bacterial,low,21.052590356980478
278,Bacterial,low,22.07808392805202
279,Bacterial,low,22.271160978663023
280,Bacterial,low,23.441543705666007
281,Bacterial,low,22.237837117804666
282,Bacterial,low,21.452765689275672
283,Bacterial,low,22.132897511637786
284,Bacterial,low,21.817824172383084
285,Bacterial,low,21.720078627909807
286,Bacterial,low,21.53243734089596
287,Bacterial,low,21.52681066020124
288,Bacterial,low,21.63400739232598
289,Bacterial,low,21.533151155700324
290,Bacterial,low,21.450981323377576
291,Bacterial,low,21.584652132931303
292,Bacterial,low,22.307618130059254
293,Bacterial,low,22.55735303116203
294,Bacterial,low,22.057005663206283
295,Bacterial,low,22.16727549539717
296,Bacterial,low,22.06594527823877
297,Bacterial,low,22.672719971412576
298,Bacterial,low,21.289519491435748
299,Bacterial,low,21.11057777706193
300,Bacterial,low,21.59933268288533
301,Bacterial,low,21.798054830220742
302,Bacterial,low,23.241137065170086
303,Bacterial,low,21.438989511201342
304,Bacterial,low,22.293646565083733
305,Bacterial,low,21.787938843151228
306,Bacterial,low,22.21641808523302
307,Bacterial,low,22.261888678062004
308,Bacterial,low,22.20888858251801
309,Bacterial,low,21.469941631544614
310,Bacterial,low,21.708423583883175
311,Bacterial,low,21.314660562111097
312,Bacterial,low,21.918241240295153
313,Bacterial,low,21.39352070697806
314,Bacterial,low,22.529429373997
315,Bacterial,low,21.651815633354012
316,Bacterial,low,21.53551967368613
317,Bacterial,low,21.180260635941114
318,Bacterial,low,21.167234006632217
319,Bacterial,low,21.96962786730718
320,Bacterial,low,21.359635803620982
321,Bacterial,low,21.18758407209122
322,Bacterial,low,21.71523106517504
323,Bacterial,low,22.247870131906957
324,Bacterial,low,22.149971863797028
325,Bacterial,low,22.559343892367544
326,Bacterial,low,21.646635265009472
327,Bacterial,low,22.073746826070774
328,Bacterial,low,21.411579319557433
329,Bacterial,low,23.183557247780588
330,Bacterial,low,21.561899480770222
331,Bacterial,low,22.10903319612783
332,Bacterial,low,21.98400345739508
333,Bacterial,low,22.163756660857082
334,Bacterial,low,21.873163397586346
335,Bacterial,low,22.061011731758086
336,Bacterial,low,21.730603291926904
337,Bacterial,low,21.421995350649254
338,Bacterial,low,21.48228504917754
339,Bacterial,low,22.253793704046796
340,Bacterial,low,21.544657444792147
341,Bacterial,low,21.404342501917398
342,Bacterial,low,22.469552917542476
343,Bacterial,low,21.408763817118178
344,Bacterial,low,21.78351504682448
345,Bacterial,low,21.27583864329557
346,Bacterial,low,21.625385497989974
347,Bacterial,low,21.64686455820037
348,Bacterial,low,21.527750952912477
349,Bacterial,low,21.393563355116537
350,Bacterial,low,21.423898649247185
351,Bacterial,low,21.6389485425223
352,Bacterial,low,22.13174065787456
353,Bacterial,low,21.828502731882562
354,Bacterial,low,21.865674520581187
355,Bacterial,low,22.546744189693925
356,Bacterial,low,22.16638186489179
357,Bacterial,low,23.146235911700934
358,Bacterial,low,21.49577165880236
359,Bacterial,low,23.110415334472435
360,Bacterial,low,21.21862442147564
361,Bacterial,low,21.50023452343187
362,Bacterial,low,22.075956096536046
363,Bacterial,low,21.781016526031173
364,Bacterial,low,21.850312070160673
365,Bacterial,low,22.523209053922034
366,Bacterial,low,21.84689662081521
367,Bacterial,low,22.668364743769484
368,Bacterial,low,22.302933034063752
369,Bacterial,low,22.072236364666566
370,Bacterial,low,21.833422015984173
371,Bacterial,low,21.720908121175604
372,Bacterial,low,21.578339311797468
373,Bacterial,low,21.430833573716473
374,Bacterial,low,21.383323109034965
375,Bacterial,low,21.523131648823064
376,Bacterial,low,21.668461067006703
377,Bacterial,low,21.563116080334535
378,Bacterial,low,22.433310124242208
379,Bacterial,low,21.80541932879356
380,Bacterial,low,21.589538874108023
381,Bacterial,low,22.584389105114916
382,Bacterial,low,21.408771649417034
383,Bacterial,low,22.479924881298253
384,Bacterial,low,22.415019030405077
385,Bacterial,low,21.895744747704192
386,Bacterial,low,21.853960162660165
387,Bacterial,low,22.086608964558113
388,Bacterial,low,22.689564031897543
389,Bacterial,low,22.0432698382562
390,Bacterial,low,23.21910679456395
391,Bacterial,low,21.38998209213706
392,Bacterial,low,21.93080679367425
393,Bacterial,low,21.915462207909144
394,Bacterial,low,22.09068171983882
395,Bacterial,low,22.21778576268686
396,Bacterial,low,21.537175754489922
397,Bacterial,low,21.96413995162558
398,Bacterial,low,21.65139617266422
399,Bacterial,low,21.755507099051478
400,Bacterial,low,21.14905885308605
401,Bacterial,low,22.44526491042235
402,Bacterial,low,21.19136376941285
403,Bacterial,low,21.97043288664354
404,Bacterial,low,21.70391952666708
405,Bacterial,low,22.32608788211719
406,Bacterial,low,21.779452176692764
407,Bacterial,low,21.560912367090026
408,Bacterial,low,22.082412299219225
409,Bacterial,low,22.460419635134613
410,Bacterial,low,21.756099150321727
411,Bacterial,low,22.241434134989614
412,Bacterial,low,22.577109907715823
413,Bacterial,low,22.111108245831765
414,Bacterial,low,21.64875491537976
415,Bacterial,low,21.729154562062728
416,Bacterial,low,21.932089300835486
417,Bacterial,low,22.645699854386194
418,Bacterial,low,22.266515026473968
419,Bacterial,low,22.59104220084768
420,Bacterial,low,21.79093616056601
421,Bacterial,low,21.030429180041956
422,Bacterial,low,21.671989217786344
423,Bacterial,low,21.215533901759585
424,Bacterial,low,21.207262661035166
425,Bacterial,low,21.672575936379733
426,Bacterial,low,21.457926846547085
427,Bacterial,low,21.289158637142975
428,Bacterial,low,21.400441594225413
429,Bacterial,low,21.573517446143526
430,Bacterial,low,21.97954838041639
431,Bacterial,low,21.644154590392226
432,Bacterial,low,21.984342610865802
433,Bacterial,low,21.650322561531183
434,Bacterial,low,21.787195330371304
435,Bacterial,low,22.0593679193638
436,Bacterial,low,22.821136266953136
437,Bacterial,low,23.103502078571942
438,Bacterial,low,21.773687172516883
439,Bacterial,low,22.3660726489185
440,Bacterial,low,22.470905885011334
441,Bacterial,low,21.83763513342977
442,Bacterial,low,21.77458600465991
443,Bacterial,low,22.22615687735481
444,Bacterial,low,23.002411193568562
445,Bacterial,low,21.38963730102676
446,Bacterial,low,21.6444614224932
447,Bacterial,low,21.835524977731183
448,Bacterial,low,21.942679953441434
449,Bacterial,low,21.921759243749804
450,Bacterial,low,22.037155991817293
451,Bacterial,low,22.795408446250427
452,Bacterial,low,21.953827338425903
453,Bacterial,low,21.8901790219009
454,Bacterial,low,21.972490517981118
455,Bacterial,low,21.16984870478555
456,Bacterial,low,21.64177863069764
457,Bacterial,low,21.498869479355797
458,Bacterial,low,22.062449683972318
459,Bacterial,low,21.669216009454985
460,Bacterial,low,21.99492139001473
461,Bacterial,low,21.84431066511327
462,Bacterial,low,22.301115031014405
463,Bacterial,low,21.9099295644763
464,Bacterial,low,21.746354820107015
465,Bacterial,low,21.750706405845953
466,Bacterial,low,22.09143420720503
467,Bacterial,low,22.0454228450904
468,Bacterial,low,21.32774285862603
469,Bacterial,low,21.945598324838134
470,Bacterial,low,21.611272330164567
471,Bacterial,low,22.30214540273865
472,Bacterial,low,22.351293780814736
473,Bacterial,low,22.09652567664535
474,Bacterial,low,22.109675461396453
475,Bacterial,low,22.515657299117706
476,Viral,low,21.273540044991513
477,Viral,low,21.41355758662074
478,Viral,low,21.56163000863185
479,Viral,low,21.775738875511152
480,Viral,low,21.54271924463305
481,Viral,low,22.142181998589567
482,Viral,low,22.681254569515055
483,Viral,low,21.78500765062626
484,Viral,low,21.22185673735023
485,Viral,low,22.09585258562353
486,Viral,low,21.783590671132266
487,Viral,low,21.71839067765639
488,Viral,low,21.828631831571794
489,Viral,low,21.625030323168417
490,Viral,low,22.130178518726385
491,Viral,low,21.372872800754593
492,Viral,low,21.588144308393492
493,Viral,low,21.56952203285733
494,Viral,low,21.49849251830736
495,Viral,low,21.352038486811608
496,Viral,low,22.89420427629041
497,Viral,low,21.96383352242144
498,Viral,low,22.010569095081067
499,Viral,low,22.82232018790363
500,Viral,low,21.511835705263085
501,Viral,low,21.92148034270137
502,Viral,low,21.06878031331481
503,Viral,low,21.57433132542403
504,Viral,low,22.021030053605003
505,Viral,low,22.3475907624626
506,Viral,low,21.812877077797516
507,Viral,low,22.131479326274004
508,Viral,low,21.83248810427242
509,Viral,low,21.27572415923183
510,Viral,low,22.128904514645487
511,Viral,low,21.30803125929322
512,Viral,low,21.713755645218733
513,Viral,low,21.3396198431968
514,Viral,low,21.657968432618407
515,Viral,low,22.054859891715207
516,Viral,low,21.711903976282386
517,Viral,low,21.42065046684214
518,Viral,low,22.75970213509876
519,Viral,low,22.03219851448297
520,Viral,low,21.495427212395064
521,Viral,low,21.822108320906114
522,Viral,low,21.806171485867416
523,Viral,low,22.160512057866338
524,Viral,low,21.843030011814406
525,Viral,low,22.16079476626625
526,Viral,low,21.715407572894463
527,Viral,low,22.269891671453802
528,Viral,low,21.886564403142955
529,Viral,low,21.561476445967717
530,Viral,low,21.811810988382753
531,Viral,low,21.706497195250524
532,Viral,low,21.07667434357312
533,Viral,low,21.955474189029374
534,Viral,low,21.373496768843182
535,Viral,low,21.846284637199027
536,Viral,low,22.065123010783708
537,Viral,low,21.709653155805317
538,Viral,low,21.363112400510364
539,Viral,low,22.148551409482007
540,Viral,low,21.524614945442444
541,Viral,low,21.35643227324252
542,Viral,low,22.076000456499706
543,Viral,low,21.694325498961135
544,Viral,low,22.05915834388189
545,Viral,low,21.52092774632645
546,Viral,low,22.151870730265273
547,Viral,low,21.50546587925512
548,Viral,low,21.543979250481286
549,Viral,low,23.072522969044833
550,Viral,low,23.021210526549403
551,Viral,low,22.167370764657164
552,Viral,low,21.46076054102306
553,Viral,low,21.872000870009046
554,Viral,low,21.231304713219174
555,Viral,low,21.56036458248613
556,Viral,low,21.8341454112523
557,Viral,low,22.04777945582798
558,Viral,low,21.499748325459112
559,Viral,low,21.996574933013648
560,Viral,low,21.67052336219435
561,Viral,low,21.590497515039672
562,Viral,low,21.832520177170124
563,Viral,low,22.098464919220085
564,Viral,low,21.451501075639968
565,Viral,low,21.568666972764127
566,Viral,low,21.20444147029799
567,Viral,low,21.488731490276546
568,Viral,low,21.27524211134116
569,Viral,low,22.330344949123827
570,Viral,low,21.339826878602807
571,Viral,low,22.122227227688803
572,Viral,low,21.043704184851467
573,Viral,low,22.012768953829763
574,Viral,low,21.17058954417951
575,Viral,low,21.59901791698406
576,Viral,low,21.25524892624368
577,Viral,low,21.75745929533775
578,Viral,low,22.365901785438503
579,Viral,low,22.003727894566953
580,Viral,low,21.563325933300913
581,Viral,low,21.777145987385897
582,Viral,low,21.832452330935176
583,Viral,low,22.362359452143696
584,Viral,low,22.508012365234528
585,Viral,low,22.37975235961093
586,Viral,low,22.273003344984517
587,Viral,low,21.75700707864722
588,Viral,low,21.690362488643217
589,Viral,low,22.042529533433857
590,Viral,low,22.15305586844797
591,Viral,low,22.140140051462
592,Viral,low,21.708287519062477
593,Viral,low,23.634716678503892
594,Viral,low,21.553497503688032
595,Viral,low,21.84810599064471
596,Viral,low,21.411377791834564
597,Viral,low,21.966156438962287
598,Viral,low,21.492601329317033
599,Viral,low,21.970893874351667
600,Viral,low,21.211979326179218
601,Viral,low,21.70772891874869
602,Viral,low,21.480801063921852
603,Viral,low,21.924901108068063
604,Viral,low,21.34460161703961
605,Viral,low,22.4632404761479
606,Viral,low,21.76251083351854
607,Viral,low,21.607592257016428
608,Viral,low,22.15493017554497
609,Viral,low,21.17262657715379
610,Viral,low,21.741991884530904
611,Viral,low,21.44386979373457
612,Viral,low,21.415945249585523
613,Viral,low,21.332367171920144
614,Viral,low,22.03494568721123
615,Viral,low,22.08516266536636
616,Viral,low,21.79120496979445
617,Viral,low,21.33648715967761
618,Viral,low,21.18626705727923
619,Viral,low,21.315206137887195
620,Viral,low,21.701265890138863
621,Viral,low,21.228388972376735
622,Viral,low,21.56782803974609
623,Viral,low,22.64551539664559
0,Normal,mid,17.75985757346096
1,Normal,mid,17.172346645436548
2,Normal,mid,17.71118553869381
3,Normal,mid,17.760602825859653
4,Normal,mid,16.942251634821464
5,Normal,mid,17.68753510241241
6,Normal,mid,17.232432369257623
7,Normal,mid,17.04578758865069
8,Normal,mid,17.372833990082082
9,Normal,mid,17.332045625841364
10,Normal,mid,17.67224136791094
11,Normal,mid,17.36500711058652
12,Normal,mid,17.82098749402897
13,Normal,mid,17.388796224396952
14,Normal,mid,19.516284447476774
15,Normal,mid,17.130198124879993
16,Normal,mid,16.984976498553717
17,Normal,mid,17.784372485815357
18,Normal,mid,17.62487410744897
19,Normal,mid,17.522285641387562
20,Normal,mid,17.787415375675042
21,Normal,mid,17.316181229703037
22,Normal,mid,17.60619043814938
23,Normal,mid,16.771758553961302
24,Normal,mid,17.458481668666256
25,Normal,mid,17.839710485239024
26,Normal,mid,17.851433747315927
27,Normal,mid,17.68920922613524
28,Normal,mid,17.39225034047726
29,Normal,mid,16.826347378698994
30,Normal,mid,16.9586736483823
31,Normal,mid,17.970283326843806
32,Normal,mid,17.32938907624562
33,Normal,mid,17.12396783952444
34,Normal,mid,18.113484016361813
35,Normal,mid,17.882919608953863
36,Normal,mid,17.980280210807162
37,Normal,mid,17.091861813550373
38,Normal,mid,17.646407424942257
39,Normal,mid,17.505755496201537
40,Normal,mid,17.24757944496846
41,Normal,mid,17.985765987977548
42,Normal,mid,17.25507179963612
43,Normal,mid,18.034817879420505
44,Normal,mid,17.504164264863388
45,Normal,mid,17.320650386259796
46,Normal,mid,17.852473620576724
47,Normal,mid,17.896578009479548
48,Normal,mid,17.59186155228974
49,Normal,mid,17.502583174870416
50,Normal,mid,17.060494572888306
51,Normal,mid,17.487880639018595
52,Normal,mid,17.550022795999258
53,Normal,mid,18.215240395698558
54,Normal,mid,17.683748852182173
55,Normal,mid,18.07826098026877
56,Normal,mid,17.187384294365202
57,Normal,mid,17.081241249332727
58,Normal,mid,17.45350076746486
59,Normal,mid,17.226780758857718
60,Normal,mid,17.59894818366462
61,Normal,mid,18.09532976668728
62,Normal,mid,17.224519952297715
63,Normal,mid,17.587519035509224
64,Normal,mid,17.468476899483942
65,Normal,mid,17.246670467982405
66,Normal,mid,17.007177143990152
67,Normal,mid,17.135851685575062
68,Normal,mid,17.011925820742523
69,Normal,mid,17.174423866865954
70,Normal,mid,17.74992889971768
71,Normal,mid,17.740680584673814
72,Normal,mid,16.94561195016796
73,Normal,mid,17.444491488861658
74,Normal,mid,16.634795364287186
75,Normal,mid,16.911424035700573
76,Normal,mid,17.265728365341083
77,Normal,mid,17.814753468209222
78,Normal,mid,17.352590670921046
79,Normal,mid,17.52699226280339
80,Normal,mid,17.46401413976919
81,Normal,mid,17.22023473971894
82,Normal,mid,17.438569822309532
83,Normal,mid,17.593325825804424
84,Normal,mid,17.78948291953103
85,Normal,mid,18.231577365585967
86,Normal,mid,17.41555600205971
87,Normal,mid,17.465532958349435
88,Normal,mid,17.563467615902223
89,Normal,mid,17.08838563025751
90,Normal,mid,17.890267952051303
91,Normal,mid,17.935201290099283
92,Normal,mid,17.34266880058653
93,Normal,mid,17.224191221252354
94,Normal,mid,17.33652063188847
95,Normal,mid,17.30683635443917
96,Normal,mid,17.655538507385316
97,Normal,mid,17.244638189351342
98,Normal,mid,17.394051899923973
99,Normal,mid,17.302427458018997
100,Normal,mid,17.530767466529184
101,Normal,mid,17.499258072446786
102,Normal,mid,18.282665216316126
103,Normal,mid,17.557525875709896
104,Normal,mid,17.826947472984333
105,Normal,mid,18.2052039794244
106,Normal,mid,17.571132700630628
107,Normal,mid,17.24142632311652
108,Normal,mid,17.25232397556922
109,Normal,mid,17.75012983371713
110,Normal,mid,17.725182114346225
111,Normal,mid,18.26610165575719
112,Normal,mid,17.346966812399195
113,Normal,mid,16.988867015724544
114,Normal,mid,17.443519699250455
115,Normal,mid,17.293147665288675
116,Normal,mid,17.846857910123692
117,Normal,mid,17.197839367141505
118,Normal,mid,17.475332305356677
119,Normal,mid,17.255693987100912
120,Normal,mid,17.954935476296573
121,Normal,mid,17.90054952787905
122,Normal,mid,17.417990817986947
123,Normal,mid,17.76810932680489
124,Normal,mid,17.785069009137327
125,Normal,mid,17.961526433133738
126,Normal,mid,17.412637450351415
127,Normal,mid,17.01181524231896
128,Normal,mid,17.87481099491628
129,Normal,mid,17.709832328768343
130,Normal,mid,18.003589900343748
131,Normal,mid,17.376108752305402
132,Normal,mid,17.294682507631897
133,Normal,mid,17.590486021799986
134,Normal,mid,17.417630150622628
135,Normal,mid,17.861685488824904
136,Normal,mid,17.578394915037077
137,Normal,mid,17.732510488405893
138,Normal,mid,17.977154536974435
139,Normal,mid,17.57736723044435
140,Normal,mid,17.31376141121344
141,Normal,mid,16.85075804654135
142,Normal,mid,17.04507349548296
143,Normal,mid,17.757930556364354
144,Normal,mid,17.23308169393941
145,Normal,mid,17.75297185279202
146,Normal,mid,17.298142012714365
147,Normal,mid,16.9839156490804
148,Normal,mid,17.183454420921564
149,Normal,mid,17.617353883150276
150,Normal,mid,17.243447665254454
151,Normal,mid,17.08608488284568
152,Normal,mid,17.173548215677418
153,Normal,mid,17.04350028282972
154,Normal,mid,17.01139734635094
155,Normal,mid,17.654786081803135
156,Normal,mid,17.233759353650413
157,Normal,mid,18.02653646370713
158,Normal,mid,17.553224907022756
159,Normal,mid,17.580634525822823
160,Normal,mid,16.998170680615424
161,Normal,mid,17.82926996140389
162,Normal,mid,17.704115685111002
163,Normal,mid,17.82956048249454
164,Normal,mid,17.531317260431894
165,Normal,mid,17.13369039061187
166,Normal,mid,18.606680279696363
167,Normal,mid,16.817715244217833
168,Normal,mid,17.6224557561624
169,Normal,mid,17.512733463350045
170,Normal,mid,17.54115291220964
171,Normal,mid,17.645918607959484
172,Normal,mid,18.18089991866536
173,Normal,mid,16.99086111951617
174,Normal,mid,17.2198884204754
175,Normal,mid,17.671874100890534
176,Normal,mid,17.411266265671856
177,Normal,mid,17.1208923131178
178,Normal,mid,16.78682686840928
179,Normal,mid,16.80900711568752
180,Normal,mid,17.119618953088157
181,Normal,mid,16.995746294070845
182,Normal,mid,17.497705592015322
183,Normal,mid,17.659764129043733
184,Normal,mid,17.418441694316776
185,Normal,mid,17.775246409473
186,Normal,mid,17.278990512207827
187,Normal,mid,17.21336725264399
188,Normal,mid,17.5371002668868
189,Normal,mid,17.392955074446103
190,Normal,mid,17.113911553480147
191,Normal,mid,18.12367253007132
192,Normal,mid,16.913664669908524
193,Normal,mid,18.042113106742153
194,Normal,mid,17.07309873638223
195,Normal,mid,17.25131691848677
196,Normal,mid,17.421103264593874
197,Normal,mid,17.554994998918932
198,Normal,mid,17.249586047777484
199,Normal,mid,17.591405781161015
200,Normal,mid,17.292901308110263
201,Normal,mid,17.832957389441273
202,Normal,mid,17.141355547053188
203,Normal,mid,17.754801639359044
204,Normal,mid,17.431249148454924
205,Normal,mid,17.859661371499506
206,Normal,mid,17.769856919556968
207,Normal,mid,17.70288622095141
208,Normal,mid,17.607508001526984
209,Normal,mid,17.388521326128686
210,Normal,mid,17.104158382217772
211,Normal,mid,17.668630626507383
212,Normal,mid,17.348515964403507
213,Normal,mid,17.21243134702592
214,Normal,mid,17.57562734386326
215,Normal,mid,16.777091068819356
216,Normal,mid,17.279384813355815
217,Normal,mid,16.584565689426913
218,Normal,mid,17.250225917120886
219,Normal,mid,17.245934584908934
220,Normal,mid,17.45652393127608
221,Normal,mid,17.84886768741367
222,Normal,mid,17.585764406587668
223,Normal,mid,17.185016974420012
224,Normal,mid,18.12453228239123
225,Normal,mid,17.07210270863231
226,Normal,mid,17.697369122478474
227,Normal,mid,17.337196662290765
228,Normal,mid,17.995438123802547
229,Normal,mid,17.47963194392455
230,Normal,mid,17.2838712119231
231,Normal,mid,17.169298224775936
232,Normal,mid,17.76512054564241
233,Normal,mid,17.44383312704077
234,Bacterial,mid,16.615191974797625
235,Bacterial,mid,16.84437396638376
236,Bacterial,mid,17.508264212917073
237,Bacterial,mid,16.950668527019886
238,Bacterial,mid,17.03708349999603
239,Bacterial,mid,17.61478464077357
240,Bacterial,mid,17.497218225808002
241,Bacterial,mid,17.249697266618945
242,Bacterial,mid,17.588146623191715
243,Bacterial,mid,17.415939252236136
244,Bacterial,mid,17.76195552241485
245,Bacterial,mid,17.862621004121245
246,Bacterial,mid,17.250664002848588
247,Bacterial,mid,16.919245649679393
248,Bacterial,mid,17.886434601332585
249,Bacterial,mid,17.44675969416717
250,Bacterial,mid,16.71839450491168
251,Bacterial,mid,17.795901830549457
252,Bacterial,mid,17.21319095655065
253,Bacterial,mid,17.352218686057967
254,Bacterial,mid,17.676784605302814
255,Bacterial,mid,17.596685622169076
256,Bacterial,mid,17.891941937953483
257,Bacterial,mid,17.29131940347039
258,Bacterial,mid,17.20963334925547
259,Bacterial,mid,17.545080180675253
260,Bacterial,mid,17.380091290139408
261,Bacterial,mid,17.94683258269085
262,Bacterial,mid,17.606244512856243
263,Bacterial,mid,17.617237512528735
264,Bacterial,mid,18.23798614427321
265,Bacterial,mid,17.357158216459254
266,Bacterial,mid,17.518156909946853
267,Bacterial,mid,18.259241393355264
268,Bacterial,mid,17.42415625374975
269,Bacterial,mid,17.586201025287323
270,Bacterial,mid,17.127536093318152
271,Bacterial,mid,18.646805895689354
272,Bacterial,mid,17.35584051760569
273,Bacterial,mid,16.83363940487608
274,Bacterial,mid,18.23532084441865
275,Bacterial,mid,16.774506364018652
276,Bacterial,mid,18.063011890020302
277,Bacterial,mid,16.69406918546248
278,Bacterial,mid,17.60287591884287
279,Bacterial,mid,17.849806855103935
280,Bacterial,mid,19.108961269527953
281,Bacterial,mid,17.785120985719058
282,Bacterial,mid,17.06131523704168
283,Bacterial,mid,17.72141365567053
284,Bacterial,mid,17.371662128028095
285,Bacterial,mid,17.275598061770655
286,Bacterial,mid,17.138828153653126
287,Bacterial,mid,17.117625675261667
288,Bacterial,mid,17.227730870851747
289,Bacterial,mid,17.139433070033718
290,Bacterial,mid,17.05880686045041
291,Bacterial,mid,17.216665393701142
292,Bacterial,mid,17.91572706966146
293,Bacterial,mid,18.15224350329542
294,Bacterial,mid,17.659246436878203
295,Bacterial,mid,17.775998185485214
296,Bacterial,mid,17.68103949659372
297,Bacterial,mid,18.276198373648786
298,Bacterial,mid,17.079916277422182
299,Bacterial,mid,16.850800353919524
300,Bacterial,mid,17.236619609210216
301,Bacterial,mid,17.43904706238864
302,Bacterial,mid,18.8929123964529
303,Bacterial,mid,17.040983345099015
304,Bacterial,mid,17.840241780332907
305,Bacterial,mid,17.40651504654779
306,Bacterial,mid,17.84996217011862
307,Bacterial,mid,17.901076843628466
308,Bacterial,mid,17.745956941160202
309,Bacterial,mid,17.0742195407174
310,Bacterial,mid,17.37515656277737
311,Bacterial,mid,16.957763743047437
312,Bacterial,mid,17.488524842481606
313,Bacterial,mid,16.955784373694677
314,Bacterial,mid,18.05990271273823
315,Bacterial,mid,17.25947116288545
316,Bacterial,mid,17.145367809861185
317,Bacterial,mid,16.817789887533458
318,Bacterial,mid,16.793177492837668
319,Bacterial,mid,17.511856669840483
320,Bacterial,mid,16.978692342428538
321,Bacterial,mid,17.014039548138726
322,Bacterial,mid,17.32789744840549
323,Bacterial,mid,17.86936990079484
324,Bacterial,mid,17.764071888281418
325,Bacterial,mid,18.17791977446789
326,Bacterial,mid,17.233695604639145
327,Bacterial,mid,17.692145726643687
328,Bacterial,mid,17.044008923980304
329,Bacterial,mid,18.757637450311716
330,Bacterial,mid,17.1036326825583
331,Bacterial,mid,17.661862900952386
332,Bacterial,mid,17.552233547029864
333,Bacterial,mid,17.717452375078903
334,Bacterial,mid,17.505103722202527
335,Bacterial,mid,17.60613776257371
336,Bacterial,mid,17.339171466422208
337,Bacterial,mid,17.05859645617336
338,Bacterial,mid,17.060021815748364
339,Bacterial,mid,17.89133508706299
340,Bacterial,mid,17.19116943883642
341,Bacterial,mid,17.014380410818127
342,Bacterial,mid,18.014055543156203
343,Bacterial,mid,16.97628243100821
344,Bacterial,mid,17.343584054054354
345,Bacterial,mid,16.917373255416422
346,Bacterial,mid,17.34228406560694
347,Bacterial,mid,17.30671235014284
348,Bacterial,mid,17.158544439516557
349,Bacterial,mid,17.05445907026543
350,Bacterial,mid,17.03739141663597
351,Bacterial,mid,17.295421924320827
352,Bacterial,mid,17.673957427581126
353,Bacterial,mid,17.46772097261253
354,Bacterial,mid,17.408664612202255
355,Bacterial,mid,18.079390403538458
356,Bacterial,mid,17.775066603548538
357,Bacterial,mid,18.757588835821238
358,Bacterial,mid,17.059144679263298
359,Bacterial,mid,18.68412203499551
360,Bacterial,mid,16.782416257062167
361,Bacterial,mid,17.07172101351038
362,Bacterial,mid,17.589902215030854
363,Bacterial,mid,17.420367150446292
364,Bacterial,mid,17.382555444952096
365,Bacterial,mid,18.151481308572727
366,Bacterial,mid,17.36575110115437
367,Bacterial,mid,18.253486421513045
368,Bacterial,mid,17.863535947065188
369,Bacterial,mid,17.780711018788434
370,Bacterial,mid,17.460507003978567
371,Bacterial,mid,17.37708989386169
372,Bacterial,mid,17.135469365867593
373,Bacterial,mid,17.042138875630584
374,Bacterial,mid,17.03432630885637
375,Bacterial,mid,17.093600534895955
376,Bacterial,mid,17.230779980735253
377,Bacterial,mid,17.14229385398471
378,Bacterial,mid,18.082444123302434
379,Bacterial,mid,17.34830378532681
380,Bacterial,mid,17.12850148631688
381,Bacterial,mid,18.15035834581626
382,Bacterial,mid,17.07201119767327
383,Bacterial,mid,18.066604243540866
384,Bacterial,mid,18.09153009053643
385,Bacterial,mid,17.50696502158478
386,Bacterial,mid,17.399035711915708
387,Bacterial,mid,17.656051513844425
388,Bacterial,mid,18.313139469522593
389,Bacterial,mid,17.5976662464356
390,Bacterial,mid,18.866608365764115
391,Bacterial,mid,16.99674116598713
392,Bacterial,mid,17.4521827596558
393,Bacterial,mid,17.46305872041436
394,Bacterial,mid,17.617183300773736
395,Bacterial,mid,17.785525647109942
396,Bacterial,mid,17.24643703151003
397,Bacterial,mid,17.486634240546575
398,Bacterial,mid,17.195985039549498
399,Bacterial,mid,17.31513964011667
400,Bacterial,mid,16.82463764604734
401,Bacterial,mid,17.98067298377521
402,Bacterial,mid,16.81373068733154
403,Bacterial,mid,17.525163540744565
404,Bacterial,mid,17.313022787325732
405,Bacterial,mid,17.860765498291094
406,Bacterial,mid,17.401795703188064
407,Bacterial,mid,17.169595002812635
408,Bacterial,mid,17.70806815475401
409,Bacterial,mid,18.081122791218803
410,Bacterial,mid,17.418602414027923
411,Bacterial,mid,17.8156207133617
412,Bacterial,mid,18.14779168292741
413,Bacterial,mid,17.65760174621723
414,Bacterial,mid,17.246409998317468
415,Bacterial,mid,17.310221951587074
416,Bacterial,mid,17.514385801470752
417,Bacterial,mid,18.176573861279234
418,Bacterial,mid,17.862014775137872
419,Bacterial,mid,18.13706605451675
420,Bacterial,mid,17.372745194889454
421,Bacterial,mid,16.750979521276026
422,Bacterial,mid,17.231665965970862
423,Bacterial,mid,16.80216611980845
424,Bacterial,mid,16.79660659432458
425,Bacterial,mid,17.261303286513225
426,Bacterial,mid,17.11283954591643
427,Bacterial,mid,16.85135665593274
428,Bacterial,mid,16.988145238340813
429,Bacterial,mid,17.25372152522357
430,Bacterial,mid,17.5920989810713
431,Bacterial,mid,17.22086475329287
432,Bacterial,mid,17.51574702270619
433,Bacterial,mid,17.21840663956041
434,Bacterial,mid,17.40723456721621
435,Bacterial,mid,17.715293111595738
436,Bacterial,mid,18.47750278378702
437,Bacterial,mid,18.75267398587535
438,Bacterial,mid,17.388379893315104
439,Bacterial,mid,17.915225501700554
440,Bacterial,mid,18.06982740415469
441,Bacterial,mid,17.50306386002182
442,Bacterial,mid,17.359335011583376
443,Bacterial,mid,17.761497007702133
444,Bacterial,mid,18.63579285360765
445,Bacterial,mid,16.984618947979413
446,Bacterial,mid,17.206918793058104
447,Bacterial,mid,17.418473837783186
448,Bacterial,mid,17.524931115721834
449,Bacterial,mid,17.488621934951546
450,Bacterial,mid,17.59560570308102
451,Bacterial,mid,18.36502151068848
452,Bacterial,mid,17.51945854026903
453,Bacterial,mid,17.475965149876902
454,Bacterial,mid,17.657949410025125
455,Bacterial,mid,16.78787307806566
456,Bacterial,mid,17.252290460527714
457,Bacterial,mid,17.112777131267798
458,Bacterial,mid,17.68841056391824
459,Bacterial,mid,17.2325452883157
460,Bacterial,mid,17.574196325839328
461,Bacterial,mid,17.47095061211265
462,Bacterial,mid,17.866643245964283
463,Bacterial,mid,17.449169808893
464,Bacterial,mid,17.313467689678873
465,Bacterial,mid,17.357632756372276
466,Bacterial,mid,17.716140719237462
467,Bacterial,mid,17.65898549056537
468,Bacterial,mid,17.049081393038826
469,Bacterial,mid,17.498102072033884
470,Bacterial,mid,17.21676682290227
471,Bacterial,mid,17.88458629111714
472,Bacterial,mid,17.94271023265996
473,Bacterial,mid,17.706585199275537
474,Bacterial,mid,17.757613411995237
475,Bacterial,mid,18.05841413973132
476,Viral,mid,17.038294437527767
477,Viral,mid,17.14430184158827
478,Viral,mid,17.25135729938745
479,Viral,mid,17.482301843516716
480,Viral,mid,17.11830263714707
481,Viral,mid,17.739302773224956
482,Viral,mid,18.218505775359922
483,Viral,mid,17.344269523569217
484,Viral,mid,16.90451947582742
485,Viral,mid,17.66008789497969
486,Viral,mid,17.313816758593333
487,Viral,mid,17.300583989734243
488,Viral,mid,17.484281210016405
489,Viral,mid,17.272405097700904
490,Viral,mid,17.731269602189098
491,Viral,mid,17.11941725043595
492,Viral,mid,17.21591369816388
493,Viral,mid,17.237495653027256
494,Viral,mid,17.128564127359372
495,Viral,mid,17.035008801010672
496,Viral,mid,18.472344146941882
497,Viral,mid,17.67547096312723
498,Viral,mid,17.573885840523445
499,Viral,mid,18.420617119374658
500,Viral,mid,17.093774942456143
501,Viral,mid,17.651716913842098
502,Viral,mid,16.8833930275
503,Viral,mid,17.286079125781153
504,Viral,mid,17.61939297804527
505,Viral,mid,17.97147070492598
506,Viral,mid,17.417292721645016
507,Viral,mid,17.668737032316407
508,Viral,mid,17.420495782757065
509,Viral,mid,17.02059547109998
510,Viral,mid,17.740739245106113
511,Viral,mid,17.134889257901893
512,Viral,mid,17.332710892641174
513,Viral,mid,17.18809127038974
514,Viral,mid,17.44663432569268
515,Viral,mid,17.701518439956374
516,Viral,mid,17.408378209210053
517,Viral,mid,17.075974316420698
518,Viral,mid,18.356256090422647
519,Viral,mid,17.791345669810173
520,Viral,mid,17.200905346866524
521,Viral,mid,17.590508316692933
522,Viral,mid,17.422341718680826
523,Viral,mid,17.715827089909986
524,Viral,mid,17.480961027189
525,Viral,mid,17.815558097646246
526,Viral,mid,17.295029635939624
527,Viral,mid,17.80347940203548
528,Viral,mid,17.529872367703476
529,Viral,mid,17.255252813885416
530,Viral,mid,17.4314054173683
531,Viral,mid,17.453144339415473
532,Viral,mid,16.865667900862466
533,Viral,mid,17.58016927372545
534,Viral,mid,17.16279107022215
535,Viral,mid,17.540206543438483
536,Viral,mid,17.624682162756745
537,Viral,mid,17.275074952724164
538,Viral,mid,16.951706049312307
539,Viral,mid,17.829594345170065
540,Viral,mid,17.167934739763506
541,Viral,mid,17.049062531398246
542,Viral,mid,17.69897227418182
543,Viral,mid,17.37814114183007
544,Viral,mid,17.65582517999541
545,Viral,mid,17.322184064681057
546,Viral,mid,17.721941684598868
547,Viral,mid,17.251370186987984
548,Viral,mid,17.245118179519686
549,Viral,mid,18.687538300940595
550,Viral,mid,18.63779519090539
551,Viral,mid,17.77613634029948
552,Viral,mid,17.326915116755767
553,Viral,mid,17.536170835290527
554,Viral,mid,17.017377737297096
555,Viral,mid,17.201080295653327
556,Viral,mid,17.424831311242663
557,Viral,mid,17.60083850988233
558,Viral,mid,17.209555061889603
559,Viral,mid,17.516870739671457
560,Viral,mid,17.454848437870673
561,Viral,mid,17.29990320815974
562,Viral,mid,17.51682415968545
563,Viral,mid,17.69864083463079
564,Viral,mid,17.18605532165129
565,Viral,mid,17.26757089256965
566,Viral,mid,16.961926934263822
567,Viral,mid,17.2738695796143
568,Viral,mid,16.918483623874266
569,Viral,mid,17.902665663339345
570,Viral,mid,17.05199075660749
571,Viral,mid,17.709746394599996
572,Viral,mid,16.669287961463368
573,Viral,mid,17.63963334569604
574,Viral,mid,16.908076166163262
575,Viral,mid,17.210630785740598
576,Viral,mid,16.976666313957328
577,Viral,mid,17.453478714880546
578,Viral,mid,18.019389863912714
579,Viral,mid,17.727793074769455
580,Viral,mid,17.214518463210766
581,Viral,mid,17.550163149604785
582,Viral,mid,17.422118306194097
583,Viral,mid,17.895018816613046
584,Viral,mid,18.010572890580537
585,Viral,mid,18.00836568817211
586,Viral,mid,17.796888062250712
587,Viral,mid,17.385730763631297
588,Viral,mid,17.32929198021759
589,Viral,mid,17.67248938537445
590,Viral,mid,17.715057933379516
591,Viral,mid,17.75601018416727
592,Viral,mid,17.417465003535195
593,Viral,mid,19.40197941629664
594,Viral,mid,17.28876130256606
595,Viral,mid,17.51011182093904
596,Viral,mid,17.08227242985466
597,Viral,mid,17.61106919394662
598,Viral,mid,17.08899928604366
599,Viral,mid,17.71940600854397
600,Viral,mid,16.83331243627618
601,Viral,mid,17.348980334493465
602,Viral,mid,17.241669777488312
603,Viral,mid,17.684771645154747
604,Viral,mid,17.15218856748335
605,Viral,mid,18.056456023122486
606,Viral,mid,17.35780753042548
607,Viral,mid,17.244828205925124
608,Viral,mid,17.726846372303196
609,Viral,mid,16.81560787757148
610,Viral,mid,17.37474197909721
611,Viral,mid,17.10484778468445
612,Viral,mid,17.052392469980887
613,Viral,mid,17.069286538641894
614,Viral,mid,17.597477826581198
615,Viral,mid,17.648456914969316
616,Viral,mid,17.52541428089758
617,Viral,mid,16.981493956782334
618,Viral,mid,16.926074829747733
619,Viral,mid,17.124994611891665
620,Viral,mid,17.420132227656257
621,Viral,mid,16.843374673550937
622,Viral,mid,17.244102927763635
623,Viral,mid,18.24937668460493
0,Normal,high,14.263221159304365
1,Normal,high,13.673616140349159
2,Normal,high,14.217075452296159
3,Normal,high,14.329538745978056
4,Normal,high,13.421779267859172
5,Normal,high,14.197124869114951
6,Normal,high,13.684926364801909
7,Normal,high,13.549951797593277
8,Normal,high,13.866336931424579
9,Normal,high,13.765844530504793
10,Normal,high,14.207378983152335
11,Normal,high,13.84906986434627
12,Normal,high,14.309912646996635
13,Normal,high,13.950497411923235
14,Normal,high,16.16883357154843
15,Normal,high,13.60666711792633
16,Normal,high,13.532568613050977
17,Normal,high,14.19113960060762
18,Normal,high,14.122196495405703
19,Normal,high,14.017870789445375
20,Normal,high,14.337856671233231
21,Normal,high,13.817936310143947
22,Normal,high,14.08151340799533
23,Normal,high,13.26214521872913
24,Normal,high,13.983941500199217
25,Normal,high,14.34415155657497
26,Normal,high,14.345649253790924
27,Normal,high,14.091972679928444
28,Normal,high,13.936623045349169
29,Normal,high,13.38619576699372
30,Normal,high,13.453837723276544
31,Normal,high,14.47076795828735
32,Normal,high,13.808601957194666
33,Normal,high,13.596866554360796
34,Normal,high,14.629658476443693
35,Normal,high,14.369856825545275
36,Normal,high,14.560036083735866
37,Normal,high,13.668058645791268
38,Normal,high,14.16002190076908
39,Normal,high,14.018826587608222
40,Normal,high,13.787508062978267
41,Normal,high,14.375006351849088
42,Normal,high,13.700838549946008
43,Normal,high,14.454200995534006
44,Normal,high,14.011491676021123
45,Normal,high,13.812799894546464
46,Normal,high,14.210418482035433
47,Normal,high,14.393345317379024
48,Normal,high,14.126285927338753
49,Normal,high,13.992747092285134
50,Normal,high,13.553862170033945
51,Normal,high,13.981902945484252
52,Normal,high,14.021700145982667
53,Normal,high,14.765398666134246
54,Normal,high,14.173061422523713
55,Normal,high,14.539294443783046
56,Normal,high,13.789000150243089
57,Normal,high,13.562252312157826
58,Normal,high,13.973549448442224
59,Normal,high,13.735737289583401
60,Normal,high,14.082696627100509
61,Normal,high,14.57946618742273
62,Normal,high,13.722635390531025
63,Normal,high,14.061552544167018
64,Normal,high,13.988756302802622
65,Normal,high,13.756001227486422
66,Normal,high,13.475703978578263
67,Normal,high,13.637724329637926
68,Normal,high,13.487535656045221
69,Normal,high,13.710813733394922
70,Normal,high,14.306913517210461
71,Normal,high,14.118631265390075
72,Normal,high,13.47977623674083
73,Normal,high,13.97853834744131
74,Normal,high,13.226232032977132
75,Normal,high,13.415262533466898
76,Normal,high,13.767983297596606
77,Normal,high,14.335610393670276
78,Normal,high,13.832628922657712
79,Normal,high,14.038947914431219
80,Normal,high,13.880357056906739
81,Normal,high,13.71343760837377
82,Normal,high,13.948739956349076
83,Normal,high,14.085725098468458
84,Normal,high,14.31155925305574
85,Normal,high,14.753108251262168
86,Normal,high,13.930542048561474
87,Normal,high,13.940021448630908
88,Normal,high,14.05877196205514
89,Normal,high,13.620831529929262
90,Normal,high,14.408571229750295
91,Normal,high,14.447324811773958
92,Normal,high,13.882403072124312
93,Normal,high,13.720674691685835
94,Normal,high,13.869967873247859
95,Normal,high,13.795610589495142
96,Normal,high,14.082996106784789
97,Normal,high,13.72397225298102
98,Normal,high,13.882819590280144
99,Normal,high,13.815384869462395
100,Normal,high,13.93711489197473
101,Normal,high,13.999314872753475
102,Normal,high,14.757262635669326
103,Normal,high,14.086599766251934
104,Normal,high,14.354022371902225
105,Normal,high,14.72216254040288
106,Normal,high,14.092196834018758
107,Normal,high,13.766114081167087
108,Normal,high,13.7443931264802
109,Normal,high,14.231137510216803
110,Normal,high,14.142343793111007
111,Normal,high,14.667678782882215
112,Normal,high,13.836503778351055
113,Normal,high,13.477701614132254
114,Normal,high,13.930500454637166
115,Normal,high,13.814191283457777
116,Normal,high,14.364532184410411
117,Normal,high,13.748725413451377
118,Normal,high,13.983712337696952
119,Normal,high,13.796944124261259
120,Normal,high,14.495186801883115
121,Normal,high,14.424289824699223
122,Normal,high,13.91295419978552
123,Normal,high,14.256635835337594
124,Normal,high,14.240768670518184
125,Normal,high,14.46708728111846
126,Normal,high,13.91740778785477
127,Normal,high,13.468393159020671
128,Normal,high,14.359880680114763
129,Normal,high,14.197616074889767
130,Normal,high,14.548486377584426
131,Normal,high,13.873376860684788
132,Normal,high,13.801008132683204
133,Normal,high,14.084073244535873
134,Normal,high,13.930803219516605
135,Normal,high,14.303365578891867
136,Normal,high,14.10692917211782
137,Normal,high,14.234095469681785
138,Normal,high,14.487259692556258
139,Normal,high,14.073913210732341
140,Normal,high,13.790130297535416
141,Normal,high,13.377556884127621
142,Normal,high,13.522909995287197
143,Normal,high,14.238697838076305
144,Normal,high,13.731149763238957
145,Normal,high,14.251952412031503
146,Normal,high,13.771922725050995
147,Normal,high,13.453124272866239
148,Normal,high,13.703906594804
149,Normal,high,14.125385244225455
150,Normal,high,13.6878341696927
151,Normal,high,13.576892793099018
152,Normal,high,13.663766177479657
153,Normal,high,13.592687504123584
154,Normal,high,13.558272342843816
155,Normal,high,14.135961741231437
156,Normal,high,13.744776689739943
157,Normal,high,14.539870555902283
158,Normal,high,14.065473023693853
159,Normal,high,14.04348299930132
160,Normal,high,13.5365035357448
161,Normal,high,14.286605519988404
162,Normal,high,14.232878856595963
163,Normal,high,14.357391323415989
164,Normal,high,14.012179536622691
165,Normal,high,13.67516349820605
166,Normal,high,15.010068739574123
167,Normal,high,13.364690203771639
168,Normal,high,14.098040543655177
169,Normal,high,14.01731830182484
170,Normal,high,14.009014161922781
171,Normal,high,14.071140403831464
172,Normal,high,14.556569100511851
173,Normal,high,13.490743929425626
174,Normal,high,13.748433928598091
175,Normal,high,14.18421567386945
176,Normal,high,13.946004962771898
177,Normal,high,13.61681651434427
178,Normal,high,13.288478860929203
179,Normal,high,13.318290514785469
180,Normal,high,13.62363374211852
181,Normal,high,13.552610013141573
182,Normal,high,13.957915076804197
183,Normal,high,14.154611354801343
184,Normal,high,13.901335020501886
185,Normal,high,14.21124183254154
186,Normal,high,13.787334696716535
187,Normal,high,13.714110662015882
188,Normal,high,13.966551052590816
189,Normal,high,13.859878129689045
190,Normal,high,13.586442900866453
191,Normal,high,14.64574778487714
192,Normal,high,13.502524655662905
193,Normal,high,14.519501873757836
194,Normal,high,13.561384906441276
195,Normal,high,13.746407499132271
196,Normal,high,13.877866679926976
197,Normal,high,14.057278978622346
198,Normal,high,13.825462611695169
199,Normal,high,14.089451328442342
200,Normal,high,13.796923181614966
201,Normal,high,14.33691981249581
202,Normal,high,13.664128391659695
203,Normal,high,14.261983842624929
204,Normal,high,13.922606425330038
205,Normal,high,14.373415678748387
206,Normal,high,14.193227388141672
207,Normal,high,14.192233705488743
208,Normal,high,14.07891866100133
209,Normal,high,13.90373515110441
210,Normal,high,13.614366744319945
211,Normal,high,14.206887950629152
212,Normal,high,13.886063707225558
213,Normal,high,13.766737192303689
214,Normal,high,14.080009689902264
215,Normal,high,13.29158616075619
216,Normal,high,13.80926308680091
217,Normal,high,13.179655798402548
218,Normal,high,13.725011217480725
219,Normal,high,13.764791902879413
220,Normal,high,13.823173229618817
221,Normal,high,14.349289173545433
222,Normal,high,14.109133963081714
223,Normal,high,13.669164529694825
224,Normal,high,14.667885420378981
225,Normal,high,13.543670978912186
226,Normal,high,14.19985931606924
227,Normal,high,13.821849950578656
228,Normal,high,14.545083425921707
229,Normal,high,13.96938577945945
230,Normal,high,13.813242879355244
231,Normal,high,13.644036795136458
232,Normal,high,14.181121151594052
233,Normal,high,13.938133207541789
234,Bacterial,high,13.172572747750962
235,Bacterial,high,13.40730202889123
236,Bacterial,high,13.901700517687217
237,Bacterial,high,13.435210739216592
238,Bacterial,high,13.532379951932851
239,Bacterial,high,14.11922728607616
240,Bacterial,high,14.0078577664896
241,Bacterial,high,13.763436260332488
242,Bacterial,high,14.095324159767518
243,Bacterial,high,13.91812437517215
244,Bacterial,high,14.273718414623914
245,Bacterial,high,14.367801377308353
246,Bacterial,high,13.745873921348641
247,Bacterial,high,13.498744943472545
248,Bacterial,high,14.360837961561352
249,Bacterial,high,13.976050860541385
250,Bacterial,high,13.265100592435797
251,Bacterial,high,14.324570691682553
252,Bacterial,high,13.65420570119015
253,Bacterial,high,13.784461230362854
254,Bacterial,high,14.17849078292459
255,Bacterial,high,14.079857359845525
256,Bacterial,high,14.365574044317068
257,Bacterial,high,13.793814706680276
258,Bacterial,high,13.738320789111416
259,Bacterial,high,13.978334136298859
260,Bacterial,high,13.887564703573315
261,Bacterial,high,14.462115399596762
262,Bacterial,high,14.056266924809362
263,Bacterial,high,14.06868148410183
264,Bacterial,high,14.676002768475447
265,Bacterial,high,13.873518959914747
266,Bacterial,high,13.99829836101356
267,Bacterial,high,14.737093251565884
268,Bacterial,high,13.859494888622288
269,Bacterial,high,14.111455369132162
270,Bacterial,high,13.632756613200955
271,Bacterial,high,15.12922048599789
272,Bacterial,high,13.769819787824424
273,Bacterial,high,13.338058597530114
274,Bacterial,high,14.725959335615933
275,Bacterial,high,13.312195241301017
276,Bacterial,high,14.603644952331136
277,Bacterial,high,13.242796057472908
278,Bacterial,high,13.992395758861997
279,Bacterial,high,14.305032809938456
280,Bacterial,high,15.620941429026159
281,Bacterial,high,14.194996952521205
282,Bacterial,high,13.562594399062288
283,Bacterial,high,14.193068910470936
284,Bacterial,high,13.835138088911243
285,Bacterial,high,13.744948365389561
286,Bacterial,high,13.642382215595354
287,Bacterial,high,13.601123404292997
288,Bacterial,high,13.721847802860115
289,Bacterial,high,13.669553557513856
290,Bacterial,high,13.550286321466151
291,Bacterial,high,13.732492306508256
292,Bacterial,high,14.402109230076135
293,Bacterial,high,14.615659968432482
294,Bacterial,high,14.161389087991509
295,Bacterial,high,14.28274274490293
296,Bacterial,high,14.179345795652694
297,Bacterial,high,14.747443303141912
298,Bacterial,high,13.708146225044127
299,Bacterial,high,13.470035626884576
300,Bacterial,high,13.777280466177046
301,Bacterial,high,13.94832550133059
302,Bacterial,high,15.403780165254444
303,Bacterial,high,13.54861322716835
304,Bacterial,high,14.281313408543433
305,Bacterial,high,13.900132275206147
306,Bacterial,high,14.374823379286354
307,Bacterial,high,14.41206052921316
308,Bacterial,high,14.168183751818933
309,Bacterial,high,13.588164640660862
310,Bacterial,high,13.885381679579707
311,Bacterial,high,13.449878854351972
312,Bacterial,high,13.947880568455064
313,Bacterial,high,13.419438473875815
314,Bacterial,high,14.45165519577441
315,Bacterial,high,13.786819282544101
316,Bacterial,high,13.671528232091717
317,Bacterial,high,13.373130431297325
318,Bacterial,high,13.31861182999435
319,Bacterial,high,13.964135713640156
320,Bacterial,high,13.526635369839376
321,Bacterial,high,13.629585030729183
322,Bacterial,high,13.833659011300782
323,Bacterial,high,14.362310502743211
324,Bacterial,high,14.266379512094982
325,Bacterial,high,14.696227995819203
326,Bacterial,high,13.723158494768477
327,Bacterial,high,14.234439030535848
328,Bacterial,high,13.57723640389835
329,Bacterial,high,15.234167882361513
330,Bacterial,high,13.54413417874724
331,Bacterial,high,14.097306117196098
332,Bacterial,high,14.01492432099798
333,Bacterial,high,14.161804136819855
334,Bacterial,high,14.055108581485792
335,Bacterial,high,14.023196880405244
336,Bacterial,high,13.827185322312426
337,Bacterial,high,13.588309166293941
338,Bacterial,high,13.535756290684372
339,Bacterial,high,14.408796261265103
340,Bacterial,high,13.751420273481173
341,Bacterial,high,13.53675337655523
342,Bacterial,high,14.40010396827013
343,Bacterial,high,13.463035273003944
344,Bacterial,high,13.795927359015183
345,Bacterial,high,13.441750350606723
346,Bacterial,high,13.94930869156195
347,Bacterial,high,13.865009891909414
348,Bacterial,high,13.690344288494591
349,Bacterial,high,13.58512258678977
350,Bacterial,high,13.563375678143434
351,Bacterial,high,13.794350719138464
352,Bacterial,high,14.096433030356915
353,Bacterial,high,13.999953666124936
354,Bacterial,high,13.839463985141611
355,Bacterial,high,14.46910334445976
356,Bacterial,high,14.25467894710807
357,Bacterial,high,15.226042078345504
358,Bacterial,high,13.538081719031771
359,Bacterial,high,15.101498420632968
360,Bacterial,high,13.259667835836588
361,Bacterial,high,13.54926451066863
362,Bacterial,high,13.959267996742412
363,Bacterial,high,13.926748242327125
364,Bacterial,high,13.807650884908629
365,Bacterial,high,14.618745658967642
366,Bacterial,high,13.771498971637342
367,Bacterial,high,14.710635991092351
368,Bacterial,high,14.30867024813975
369,Bacterial,high,14.325608702184311
370,Bacterial,high,13.95908924706571
371,Bacterial,high,13.935081379041737
372,Bacterial,high,13.60125093700418
373,Bacterial,high,13.55222802133014
374,Bacterial,high,13.56936966765951
375,Bacterial,high,13.563376045664315
376,Bacterial,high,13.70225561485993
377,Bacterial,high,13.625472814839199
378,Bacterial,high,14.574720768041294
379,Bacterial,high,13.806998552642153
380,Bacterial,high,13.569789976494098
381,Bacterial,high,14.590076718215347
382,Bacterial,high,13.59307677183893
383,Bacterial,high,14.533461243455786
384,Bacterial,high,14.597644523440973
385,Bacterial,high,13.991514710442715
386,Bacterial,high,13.856007139750519
387,Bacterial,high,14.121946545620032
388,Bacterial,high,14.80169493572105
389,Bacterial,high,14.011521828764232
390,Bacterial,high,15.369197525609664
391,Bacterial,high,13.50736802926521
392,Bacterial,high,13.871384408705778
393,Bacterial,high,13.907095177175995
394,Bacterial,high,14.02598502463282
395,Bacterial,high,14.22149002747643
396,Bacterial,high,13.80272349838788
397,Bacterial,high,13.876810252467532
398,Bacterial,high,13.637932578421484
399,Bacterial,high,13.768294976112983
400,Bacterial,high,13.367207868587014
401,Bacterial,high,14.37519642110017
402,Bacterial,high,13.356203274907372
403,Bacterial,high,13.966083683910991
404,Bacterial,high,13.829512769477768
405,Bacterial,high,14.244780872031864
406,Bacterial,high,13.912981286112679
407,Bacterial,high,13.668304498937921
408,Bacterial,high,14.235182862128175
409,Bacterial,high,14.613603746695754
410,Bacterial,high,13.91294941986297
411,Bacterial,high,14.263240157842066
412,Bacterial,high,14.540922663892113
413,Bacterial,high,14.098491153109558
414,Bacterial,high,13.755911328267613
415,Bacterial,high,13.802761167935119
416,Bacterial,high,13.998020507125863
417,Bacterial,high,14.550197387505579
418,Bacterial,high,14.339413278595547
419,Bacterial,high,14.57419289148178
420,Bacterial,high,13.861264217996165
421,Bacterial,high,13.336694109022435
422,Bacterial,high,13.686837334383453
423,Bacterial,high,13.293635903813929
424,Bacterial,high,13.289422480260889
425,Bacterial,high,13.757106294688322
426,Bacterial,high,13.677096584773361
427,Bacterial,high,13.337427411614133
428,Bacterial,high,13.489532599998618
429,Bacterial,high,13.75844458625679
430,Bacterial,high,14.102308243478518
431,Bacterial,high,13.71400716704941
432,Bacterial,high,13.928032728258984
433,Bacterial,high,13.677600271540221
434,Bacterial,high,13.928080694021167
435,Bacterial,high,14.261740392642015
436,Bacterial,high,15.019236059982092
437,Bacterial,high,15.271437684266186
438,Bacterial,high,13.893003675507902
439,Bacterial,high,14.348674822163186
440,Bacterial,high,14.555819409373242
441,Bacterial,high,14.018202968714649
442,Bacterial,high,13.828135995119554
443,Bacterial,high,14.179737573913327
444,Bacterial,high,15.135712222328486
445,Bacterial,high,13.483218345441713
446,Bacterial,high,13.659936003831362
447,Bacterial,high,13.886500371989886
448,Bacterial,high,13.97776805660322
449,Bacterial,high,13.955405984801104
450,Bacterial,high,14.021516357720339
451,Bacterial,high,14.7958637897813
452,Bacterial,high,13.973269134414128
453,Bacterial,high,13.950991636110974
454,Bacterial,high,14.222401027919345
455,Bacterial,high,13.316524921195665
456,Bacterial,high,13.730193731179357
457,Bacterial,high,13.63396411051146
458,Bacterial,high,14.20967546755051
459,Bacterial,high,13.69603573139603
460,Bacterial,high,14.048539780399707
461,Bacterial,high,13.985991544384873
462,Bacterial,high,14.327890131128363
463,Bacterial,high,13.8727173442955
464,Bacterial,high,13.78236110458106
465,Bacterial,high,13.861803896715122
466,Bacterial,high,14.226067490893106
467,Bacterial,high,14.195643507811202
468,Bacterial,high,13.633055748432788
469,Bacterial,high,13.947766933160175
470,Bacterial,high,13.74457513279456
471,Bacterial,high,14.334068753936954
472,Bacterial,high,14.425500307218396
473,Bacterial,high,14.204291345916612
474,Bacterial,high,14.293397785610807
475,Bacterial,high,14.483606355424545
476,Viral,high,13.548074838177833
477,Viral,high,13.686957199668255
478,Viral,high,13.823767900202355
479,Viral,high,14.028448516127082
480,Viral,high,13.58694172497174
481,Viral,high,14.214369427086416
482,Viral,high,14.620821195507322
483,Viral,high,13.801969011219246
484,Viral,high,13.509981422181843
485,Viral,high,14.10425925757431
486,Viral,high,13.729552165668956
487,Viral,high,13.757778848034972
488,Viral,high,14.0004925687117
489,Viral,high,13.79168293888663
490,Viral,high,14.228603045770324
491,Viral,high,13.687670409795128
492,Viral,high,13.720796256716275
493,Viral,high,13.755706564771357
494,Viral,high,13.616242446387067
495,Viral,high,13.552157272215998
496,Viral,high,14.907959864633689
497,Viral,high,14.220031969109165
498,Viral,high,14.033050448132053
499,Viral,high,14.888507938659036
500,Viral,high,13.568181834260294
501,Viral,high,14.211888250732231
502,Viral,high,13.415024202052916
503,Viral,high,13.816735789217763
504,Viral,high,14.11745199529143
505,Viral,high,14.496710172406681
506,Viral,high,13.893376799417876
507,Viral,high,14.093794474510428
508,Viral,high,13.904776679979065
509,Viral,high,13.558061638725523
510,Viral,high,14.223706700688911
511,Viral,high,13.685257085714861
512,Viral,high,13.826129046294525
513,Viral,high,13.746195516776217
514,Viral,high,13.971840783271805
515,Viral,high,14.224888647336051
516,Viral,high,13.970495243479258
517,Viral,high,13.58586803096392
518,Viral,high,14.819396468917883
519,Viral,high,14.349816836434506
520,Viral,high,13.768364326661906
521,Viral,high,14.152886369971633
522,Viral,high,13.930407269695014
523,Viral,high,14.148906825274342
524,Viral,high,14.00645381143721
525,Viral,high,14.367210494323583
526,Viral,high,13.779618397703084
527,Viral,high,14.2427270350508
528,Viral,high,14.056765922682645
529,Viral,high,13.747114820729117
530,Viral,high,13.944679841150718
531,Viral,high,14.020933187797395
532,Viral,high,13.480998550973876
533,Viral,high,14.061308945454831
534,Viral,high,13.6836392497904
535,Viral,high,14.073964468537017
536,Viral,high,14.086780110661152
537,Viral,high,13.730658161539434
538,Viral,high,13.443042439437264
539,Viral,high,14.338003828686997
540,Viral,high,13.6759973545117
541,Viral,high,13.579141503676468
542,Viral,high,14.206871754321618
543,Viral,high,13.935997102881377
544,Viral,high,14.14724758518794
545,Viral,high,13.877165395179453
546,Viral,high,14.201565175997171
547,Viral,high,13.856033086943363
548,Viral,high,13.792720020538686
549,Viral,high,15.157359891599445
550,Viral,high,15.099148889227433
551,Viral,high,14.298637612305626
552,Viral,high,13.921887900710136
553,Viral,high,14.090215961608754
554,Viral,high,13.557740096046775
555,Viral,high,13.725199279838575
556,Viral,high,13.90245703566654
557,Viral,high,14.067332436808687
558,Viral,high,13.766769929291334
559,Viral,high,13.935724808022963
560,Viral,high,13.996612012657836
561,Viral,high,13.872494370684995
562,Viral,high,14.023219760261505
563,Viral,high,14.181680892894228
564,Viral,high,13.711924854949533
565,Viral,high,13.847100692518682
566,Viral,high,13.481479277927841
567,Viral,high,13.83524959759181
568,Viral,high,13.430035101199225
569,Viral,high,14.371406797190197
570,Viral,high,13.593494570401612
571,Viral,high,14.19687992491751
572,Viral,high,13.19283198812905
573,Viral,high,14.144347750222583
574,Viral,high,13.46033224777729
575,Viral,high,13.716384749185568
576,Viral,high,13.510508210731517
577,Viral,high,14.00871566840875
578,Viral,high,14.553824558780526
579,Viral,high,14.284776977679527
580,Viral,high,13.726252655877024
581,Viral,high,14.12097697690699
582,Viral,high,13.912062436973978
583,Viral,high,14.319428097982803
584,Viral,high,14.384323325531337
585,Viral,high,14.526771405872992
586,Viral,high,14.182912069107186
587,Viral,high,13.910007181044817
588,Viral,high,13.853346017063174
589,Viral,high,14.15535216755041
590,Viral,high,14.167037406840983
591,Viral,high,14.247037429545994
592,Viral,high,13.964898349579078
593,Viral,high,16.098749934017324
594,Viral,high,13.839805903303983
595,Viral,high,14.061874478146198
596,Viral,high,13.648028348009458
597,Viral,high,14.13758185800453
598,Viral,high,13.573250052585145
599,Viral,high,14.240084868823747
600,Viral,high,13.344557573181095
601,Viral,high,13.858714346110421
602,Viral,high,13.760084382601839
603,Viral,high,14.275179024997911
604,Viral,high,13.703508784082114
605,Viral,high,14.547254498933116
606,Viral,high,13.847558961284383
607,Viral,high,13.769836360617035
608,Viral,high,14.195169102811212
609,Viral,high,13.374570812122332
610,Viral,high,13.895980835744426
611,Viral,high,13.626310980624783
612,Viral,high,13.543568174273691
613,Viral,high,13.59819933564211
614,Viral,high,14.070052426507525
615,Viral,high,14.118818792161479
616,Viral,high,14.094284513221819
617,Viral,high,13.494263109549872
618,Viral,high,13.501617644991931
619,Viral,high,13.632897402122971
620,Viral,high,13.97602903614769
621,Viral,high,13.377363570353467
622,Viral,high,13.771487404789937
623,Viral,high,14.736626159879663
