model,class,psnr,ssim,fsim,lpips
SharpXR,Normal,33.01986127988863,0.8981822729110718,0.9267317056655884,0.19139990210533142
SharpXR,Normal,31.718852560394662,0.8610231876373291,0.9064235687255859,0.23817530274391174
SharpXR,Normal,32.709526560462464,0.8966181874275208,0.9233572483062744,0.2022848129272461
SharpXR,Normal,33.724556473058314,0.9223881363868713,0.9397783279418945,0.17526745796203613
SharpXR,Normal,32.3410489000228,0.8529830574989319,0.904945969581604,0.2547088861465454
SharpXR,Normal,33.82982857784262,0.9147527813911438,0.936513364315033,0.19792184233665466
SharpXR,Normal,33.3367657723794,0.8960729241371155,0.9267210960388184,0.2364634871482849
SharpXR,Normal,33.97892844774246,0.921107828617096,0.9384607672691345,0.2071940302848816
SharpXR,Normal,32.13937196233275,0.8948548436164856,0.930895984172821,0.18524393439292908
SharpXR,Normal,32.18559240770152,0.8770966529846191,0.9230882525444031,0.2272305190563202
SharpXR,Normal,33.1347252965051,0.912551760673523,0.9367867708206177,0.1647363156080246
SharpXR,Normal,32.94402625000632,0.8842045068740845,0.9231753945350647,0.22569186985492706
SharpXR,Normal,33.13203992214611,0.8880444169044495,0.9170756936073303,0.23680488765239716
SharpXR,Normal,34.34749805348136,0.9088578820228577,0.9331506490707397,0.21174076199531555
SharpXR,Normal,33.68809688864006,0.8907210230827332,0.9417290091514587,0.1730097383260727
SharpXR,Normal,32.314906487719796,0.8729106783866882,0.9110217690467834,0.2613205313682556
SharpXR,Normal,33.98479150109436,0.9119478464126587,0.9345011115074158,0.21654002368450165
SharpXR,Normal,33.31561224638563,0.8963989615440369,0.9215191602706909,0.21417269110679626
SharpXR,Normal,32.9594680460488,0.8956968188285828,0.9258831143379211,0.1794929802417755
SharpXR,Normal,33.76668894180377,0.9083474278450012,0.934165358543396,0.2044866383075714
SharpXR,Normal,34.92071034767069,0.9318386912345886,0.9429700970649719,0.16929951310157776
SharpXR,Normal,33.58213514502974,0.9084666967391968,0.9338856339454651,0.19100695848464966
SharpXR,Normal,33.83237547090205,0.9060375094413757,0.9291354417800903,0.21717941761016846
SharpXR,Normal,31.59773023012217,0.832886278629303,0.8901842832565308,0.319494366645813
SharpXR,Normal,32.8083033029511,0.8910428285598755,0.9238420128822327,0.21718931198120117
SharpXR,Normal,33.43687381207025,0.9153501987457275,0.9336069822311401,0.18042288720607758
SharpXR,Normal,31.680463980821614,0.8799934983253479,0.9171770811080933,0.19916918873786926
SharpXR,Normal,31.694733740360086,0.8770204782485962,0.9111716151237488,0.22918392717838287
SharpXR,Normal,33.77218119300168,0.9126388430595398,0.933253288269043,0.21173585951328278
SharpXR,Normal,33.087242340641254,0.9004900455474854,0.9269784688949585,0.2386092245578766
SharpXR,Normal,31.759662630868753,0.8486696481704712,0.9038919806480408,0.2388382852077484
SharpXR,Normal,33.0160480129634,0.9044668674468994,0.928763747215271,0.1904633790254593
SharpXR,Normal,31.793515276778518,0.8738348484039307,0.9166104793548584,0.22437544167041779
SharpXR,Normal,31.136459774466246,0.8495851755142212,0.9000337719917297,0.25002703070640564
SharpXR,Normal,31.74116243156536,0.8821765184402466,0.9207385182380676,0.19242630898952484
SharpXR,Normal,33.04890899629264,0.896712601184845,0.9286115765571594,0.189631849527359
SharpXR,Normal,34.361467313548815,0.9282001852989197,0.9448636770248413,0.15751305222511292
SharpXR,Normal,34.486857522712945,0.922016441822052,0.9391546845436096,0.2420903444290161
SharpXR,Normal,32.5925443186115,0.8990013003349304,0.929328441619873,0.18487198650836945
SharpXR,Normal,30.95609396080703,0.8569381237030029,0.901848554611206,0.21507370471954346
SharpXR,Normal,32.94809872524971,0.90146803855896,0.926302433013916,0.21475426852703094
SharpXR,Normal,33.50258803209625,0.896300733089447,0.9256023168563843,0.22688959538936615
SharpXR,Normal,31.019772174908248,0.8574732542037964,0.9055635333061218,0.22803664207458496
SharpXR,Normal,32.80200356200929,0.8947284817695618,0.9201274514198303,0.19945284724235535
SharpXR,Normal,32.67194026147468,0.8877854347229004,0.91802978515625,0.20296037197113037
SharpXR,Normal,32.230826336919215,0.8787683248519897,0.9208157658576965,0.22451168298721313
SharpXR,Normal,34.5071637796412,0.8954867124557495,0.9199921488761902,0.2457086145877838
SharpXR,Normal,31.773334795274252,0.890020489692688,0.9177284240722656,0.18581001460552216
SharpXR,Normal,32.47073129351986,0.8851621747016907,0.9228103756904602,0.208913654088974
SharpXR,Normal,32.56269008063973,0.891412079334259,0.9208410382270813,0.19851082563400269
SharpXR,Normal,32.49069756387716,0.8852394223213196,0.9267238974571228,0.22921815514564514
SharpXR,Normal,33.42835310129856,0.896094799041748,0.9265419840812683,0.20848846435546875
SharpXR,Normal,32.813420516709954,0.8850686550140381,0.9158624410629272,0.23475375771522522
SharpXR,Normal,32.88263884153396,0.9046111702919006,0.9312889575958252,0.1689915657043457
SharpXR,Normal,33.11419164512931,0.8901634216308594,0.9291989207267761,0.21998551487922668
SharpXR,Normal,33.980818278791425,0.904509961605072,0.9307163953781128,0.19948089122772217
SharpXR,Normal,34.477562012677716,0.9278270602226257,0.941536009311676,0.21011734008789062
SharpXR,Normal,32.26320911339936,0.863513708114624,0.9079234004020691,0.24577948451042175
SharpXR,Normal,32.505575307504195,0.8901320695877075,0.9283625483512878,0.20847654342651367
SharpXR,Normal,33.24570534595803,0.9013811349868774,0.9315488934516907,0.19953975081443787
SharpXR,Normal,33.43774596638261,0.8986013531684875,0.9291206002235413,0.2166350781917572
SharpXR,Normal,33.571975699829466,0.9154326915740967,0.9364430904388428,0.16726791858673096
SharpXR,Normal,32.723963608867315,0.876102864742279,0.9187249541282654,0.25401395559310913
SharpXR,Normal,32.70455898498771,0.8990721106529236,0.931517481803894,0.18803180754184723
SharpXR,Normal,33.50702673894465,0.9043412208557129,0.9259059429168701,0.1974738985300064
SharpXR,Normal,31.21352565431829,0.880370557308197,0.9204098582267761,0.19998645782470703
SharpXR,Normal,31.23504902995971,0.8478684425354004,0.9044213891029358,0.249339759349823
SharpXR,Normal,31.375040566474112,0.8630855083465576,0.9116944670677185,0.24010495841503143
SharpXR,Normal,30.7485264084927,0.8411535620689392,0.8981379866600037,0.2500755190849304
SharpXR,Normal,32.44194576271467,0.8772997260093689,0.9127784371376038,0.24368159472942352
SharpXR,Normal,34.59875219431923,0.9273207187652588,0.9399593472480774,0.2007143795490265
SharpXR,Normal,33.86956452769702,0.8893532156944275,0.9227782487869263,0.23445618152618408
SharpXR,Normal,33.7335385907359,0.9068161249160767,0.9370993375778198,0.20696139335632324
SharpXR,Normal,34.11247392904982,0.9175170660018921,0.9366539716720581,0.19283220171928406
SharpXR,Normal,33.52047448211878,0.906234622001648,0.9206202030181885,0.2720980644226074
SharpXR,Normal,32.047421459558066,0.8857066035270691,0.920590341091156,0.21297280490398407
SharpXR,Normal,31.61499893674317,0.8690721392631531,0.9047910571098328,0.2519814074039459
SharpXR,Normal,32.902144419077295,0.9042870998382568,0.9324291348457336,0.1683589220046997
SharpXR,Normal,34.01678850100049,0.9068997502326965,0.9330445528030396,0.2451396882534027
SharpXR,Normal,32.872519603731924,0.9004350900650024,0.933458685874939,0.18159900605678558
SharpXR,Normal,33.832271306054906,0.8933917880058289,0.9238678216934204,0.24457648396492004
SharpXR,Normal,33.45345825143098,0.9013594388961792,0.9329691529273987,0.20361624658107758
SharpXR,Normal,31.95218570871686,0.8714724779129028,0.9133614301681519,0.22022166848182678
SharpXR,Normal,32.41565853844659,0.8910698890686035,0.9252890944480896,0.20480036735534668
SharpXR,Normal,32.72369855411593,0.8924960494041443,0.9320799112319946,0.1936894953250885
SharpXR,Normal,34.982094935833075,0.9265772104263306,0.9385766983032227,0.21101808547973633
SharpXR,Normal,33.334472237865455,0.9052726626396179,0.9313428997993469,0.18312108516693115
SharpXR,Normal,33.72553515639069,0.9062014222145081,0.9324141144752502,0.18920670449733734
SharpXR,Normal,31.783319740944243,0.8934003114700317,0.9275093078613281,0.203965425491333
SharpXR,Normal,33.608464412518174,0.8956196904182434,0.926937997341156,0.22326160967350006
SharpXR,Normal,32.80768078285913,0.901473343372345,0.9305130243301392,0.17980292439460754
SharpXR,Normal,31.97028183467185,0.8824227452278137,0.918016254901886,0.20846115052700043
SharpXR,Normal,34.154142647537746,0.9190115332603455,0.9406920075416565,0.19058747589588165
SharpXR,Normal,32.4955224148047,0.8777903914451599,0.9217674732208252,0.22723735868930817
SharpXR,Normal,33.72922508250034,0.914960503578186,0.9314684271812439,0.189082071185112
SharpXR,Normal,31.67166483269332,0.8670604825019836,0.9058996438980103,0.23317205905914307
SharpXR,Normal,33.07596309685669,0.8956343531608582,0.9284813404083252,0.19633547961711884
SharpXR,Normal,31.58977785833602,0.8658906817436218,0.9197304844856262,0.22788506746292114
SharpXR,Normal,32.56910764915436,0.8950442671775818,0.9306364059448242,0.18107417225837708
SharpXR,Normal,33.29153924268691,0.9036267399787903,0.9381905198097229,0.20348751544952393
SharpXR,Normal,33.77251109367085,0.9016168713569641,0.9329574108123779,0.20234718918800354
SharpXR,Normal,31.83787388697294,0.8762800693511963,0.9214843511581421,0.23100419342517853
SharpXR,Normal,33.48301605422493,0.9070248007774353,0.9242753982543945,0.17306336760520935
SharpXR,Normal,33.42649949915317,0.9018959999084473,0.9246839284896851,0.20605720579624176
SharpXR,Normal,32.516259729176795,0.8916221261024475,0.924442708492279,0.1852910816669464
SharpXR,Normal,32.7227378662247,0.8921871781349182,0.9313162565231323,0.2007984220981598
SharpXR,Normal,33.749612321299686,0.908788800239563,0.9337677359580994,0.17572161555290222
SharpXR,Normal,32.956730041546216,0.8978394865989685,0.927549421787262,0.19500187039375305
SharpXR,Normal,31.46201624395307,0.8481414914131165,0.8944118618965149,0.26278629899024963
SharpXR,Normal,32.11974627602779,0.8631648421287537,0.9132398366928101,0.2283860594034195
SharpXR,Normal,33.05511624660254,0.8836567401885986,0.9222208261489868,0.2121097892522812
SharpXR,Normal,33.8661943034954,0.8980638384819031,0.917111873626709,0.2103426605463028
SharpXR,Normal,31.600672958345903,0.8725351095199585,0.9140151143074036,0.21827945113182068
SharpXR,Normal,31.716973417370795,0.8586108684539795,0.903346598148346,0.22891435027122498
SharpXR,Normal,32.70185127763496,0.8819301724433899,0.9135562181472778,0.23173367977142334
SharpXR,Normal,32.8012619677581,0.8923591375350952,0.9299762845039368,0.20627595484256744
SharpXR,Normal,31.848856600595752,0.8849753737449646,0.9200689196586609,0.18531905114650726
SharpXR,Normal,33.22210380951758,0.8972046971321106,0.9307963848114014,0.1957312673330307
SharpXR,Normal,33.128038867371295,0.8987858295440674,0.9266191124916077,0.1905723363161087
SharpXR,Normal,34.86262497608562,0.9320065975189209,0.9468595385551453,0.17422398924827576
SharpXR,Normal,33.342024929357244,0.9245485663414001,0.9417120218276978,0.15520992875099182
SharpXR,Normal,33.38926684892221,0.9000294804573059,0.9280991554260254,0.1862950623035431
SharpXR,Normal,33.64366328984347,0.9084464311599731,0.9384998679161072,0.1770254373550415
SharpXR,Normal,33.877598560952215,0.9092674851417542,0.9354775547981262,0.1710084080696106
SharpXR,Normal,33.11850364858478,0.8949293494224548,0.9247620105743408,0.21444782614707947
SharpXR,Normal,32.11572436425932,0.8808150291442871,0.9165975451469421,0.22813905775547028
SharpXR,Normal,33.25637254844225,0.8873617649078369,0.9277138710021973,0.2442639172077179
SharpXR,Normal,31.542164014616496,0.8436305522918701,0.8953036665916443,0.2666513919830322
SharpXR,Normal,32.12167869430556,0.8880211710929871,0.9204589128494263,0.2117515206336975
SharpXR,Normal,33.1850287009799,0.9028142094612122,0.9323089718818665,0.17960655689239502
SharpXR,Normal,32.76709788063473,0.9023147821426392,0.9298482537269592,0.18516699969768524
SharpXR,Normal,32.6914976794136,0.8933060765266418,0.9280105829238892,0.20227736234664917
SharpXR,Normal,32.27417318743162,0.8851877450942993,0.9266208410263062,0.20519819855690002
SharpXR,Normal,32.62612277335585,0.8898496031761169,0.9286253452301025,0.1932930052280426
SharpXR,Normal,34.03144066012278,0.9149666428565979,0.9320825934410095,0.20504920184612274
SharpXR,Normal,33.485041702877446,0.905461311340332,0.9288873672485352,0.18090927600860596
SharpXR,Normal,32.52190096122273,0.9009889960289001,0.9318068027496338,0.18148638308048248
SharpXR,Normal,32.618106918756474,0.8999755382537842,0.9292565584182739,0.17772750556468964
SharpXR,Normal,33.377895247958485,0.9055638909339905,0.933664858341217,0.18807807564735413
SharpXR,Normal,31.799415403175274,0.8750733137130737,0.9166935086250305,0.2179693579673767
SharpXR,Normal,32.055758054923345,0.8738595247268677,0.9142393469810486,0.21178092062473297
SharpXR,Normal,33.02985627527485,0.8892301917076111,0.9260023236274719,0.21733349561691284
SharpXR,Normal,31.086722289382138,0.8464879989624023,0.9041468501091003,0.2353440523147583
SharpXR,Normal,33.872883718678224,0.9199752807617188,0.9369238018989563,0.1832440346479416
SharpXR,Normal,33.05521841373106,0.9020079374313354,0.9362301826477051,0.18982650339603424
SharpXR,Normal,32.183414434561016,0.8973534107208252,0.9295575022697449,0.168552428483963
SharpXR,Normal,31.78391361394236,0.8719962239265442,0.9163079261779785,0.23686043918132782
SharpXR,Normal,31.732782040190624,0.8541536927223206,0.9040029644966125,0.24731801450252533
SharpXR,Normal,33.37572893411442,0.8959110975265503,0.9291896224021912,0.20074906945228577
SharpXR,Normal,32.46650127007843,0.8924516439437866,0.9308778643608093,0.19183966517448425
SharpXR,Normal,32.5772137816308,0.863155722618103,0.9127819538116455,0.24094802141189575
SharpXR,Normal,31.661689532633552,0.8429663777351379,0.9028831720352173,0.2518026828765869
SharpXR,Normal,31.189422846174992,0.8432363271713257,0.8948967456817627,0.2375030517578125
SharpXR,Normal,33.31704633735391,0.9048340916633606,0.9309091567993164,0.2074671983718872
SharpXR,Normal,34.63800980283737,0.920568585395813,0.9372128844261169,0.21753670275211334
SharpXR,Normal,32.11083516497737,0.880949079990387,0.9118974804878235,0.2178524136543274
SharpXR,Normal,31.86614526631842,0.8666101098060608,0.9084269404411316,0.230569526553154
SharpXR,Normal,33.50185817188956,0.9148624539375305,0.9343288540840149,0.16401039063930511
SharpXR,Normal,33.09412623661601,0.9088353514671326,0.9351463317871094,0.17248834669589996
SharpXR,Normal,33.44490189903741,0.8934321999549866,0.9288640022277832,0.23019127547740936
SharpXR,Normal,34.10902353025691,0.9178836345672607,0.9326483011245728,0.23932012915611267
SharpXR,Normal,33.504584024837115,0.9006759524345398,0.9292909502983093,0.19162876904010773
SharpXR,Normal,33.30537796574252,0.9116523861885071,0.9308762550354004,0.17671659588813782
SharpXR,Normal,33.53377720106979,0.9090990424156189,0.9232931733131409,0.1979525089263916
SharpXR,Normal,34.81741136218078,0.9222577214241028,0.9409686326980591,0.24920517206192017
SharpXR,Normal,34.84967204570115,0.9141796231269836,0.9246389269828796,0.27987369894981384
SharpXR,Normal,34.510078560759354,0.9137712717056274,0.9318660497665405,0.17852041125297546
SharpXR,Normal,32.35683570589648,0.8618176579475403,0.9043461680412292,0.28917062282562256
SharpXR,Normal,32.63466301930088,0.9071477055549622,0.9334254860877991,0.17525054514408112
SharpXR,Normal,30.13278439074369,0.856808602809906,0.9042719006538391,0.21414996683597565
SharpXR,Normal,32.441143867972755,0.8690547347068787,0.9109401702880859,0.2539527714252472
SharpXR,Normal,32.47541822711787,0.8714345097541809,0.9178659915924072,0.23237892985343933
SharpXR,Normal,32.99250527294704,0.8841496706008911,0.9186753630638123,0.2294786125421524
SharpXR,Normal,32.18491757908937,0.8543944358825684,0.9068166613578796,0.24337416887283325
SharpXR,Normal,33.98252615450099,0.9077182412147522,0.931199848651886,0.20647495985031128
SharpXR,Normal,33.791412353420654,0.9185448884963989,0.9283655881881714,0.19865061342716217
SharpXR,Normal,33.488128369089225,0.9195562601089478,0.9360193014144897,0.18448461592197418
SharpXR,Normal,31.74038680308768,0.8561973571777344,0.9041364192962646,0.23047256469726562
SharpXR,Normal,32.68112324328409,0.8795149326324463,0.9193264245986938,0.229839488863945
SharpXR,Normal,31.568345715689073,0.8355622887611389,0.8895298838615417,0.27829509973526
SharpXR,Normal,31.250210162111543,0.865991473197937,0.907343327999115,0.22149886190891266
SharpXR,Normal,33.446049821310964,0.8974371552467346,0.9304738640785217,0.21266606450080872
SharpXR,Normal,34.20487194793063,0.9069801568984985,0.9316552877426147,0.21114814281463623
SharpXR,Normal,32.86418831056635,0.8920539021492004,0.9251278042793274,0.21147757768630981
SharpXR,Normal,33.06752515187155,0.8936063051223755,0.9307087063789368,0.211961567401886
SharpXR,Normal,33.68220997319657,0.9036004543304443,0.9288106560707092,0.19795756042003632
SharpXR,Normal,31.857092419876132,0.8668449521064758,0.9117233157157898,0.2413807511329651
SharpXR,Normal,33.52744123347203,0.9128603339195251,0.9362421631813049,0.19889843463897705
SharpXR,Normal,33.57942417296528,0.891468346118927,0.9194188714027405,0.24582287669181824
SharpXR,Normal,33.27062822310298,0.8851348161697388,0.91696697473526,0.2397765964269638
SharpXR,Normal,31.306993210425865,0.8589019179344177,0.9044379591941833,0.23748956620693207
SharpXR,Normal,33.88454393759495,0.9210660457611084,0.9347389340400696,0.18451334536075592
SharpXR,Normal,35.29753149668252,0.932826817035675,0.9404228329658508,0.2218216061592102
SharpXR,Normal,32.19630586265805,0.8896710276603699,0.9267992377281189,0.19932135939598083
SharpXR,Normal,32.46909958199406,0.8767904043197632,0.920249342918396,0.21723899245262146
SharpXR,Normal,32.63865771838067,0.8862746357917786,0.9235321283340454,0.20459653437137604
SharpXR,Normal,33.018148972743845,0.8894975185394287,0.9225553870201111,0.22386053204536438
SharpXR,Normal,33.26636556304097,0.9021680951118469,0.9300101399421692,0.1955890655517578
SharpXR,Normal,33.98435681213344,0.9152280688285828,0.9327767491340637,0.230037659406662
SharpXR,Normal,32.133045073129935,0.8830159306526184,0.9195387363433838,0.1965588927268982
SharpXR,Normal,32.829578027171,0.8933439254760742,0.9275181293487549,0.20519204437732697
SharpXR,Normal,32.552715390319534,0.8883043527603149,0.9233643412590027,0.20516104996204376
SharpXR,Normal,32.319791258756794,0.8760807514190674,0.9188559055328369,0.23874859511852264
SharpXR,Normal,33.13102404260211,0.9032368659973145,0.934188723564148,0.17928780615329742
SharpXR,Normal,32.39250924643536,0.8914645910263062,0.9291465282440186,0.18646767735481262
SharpXR,Normal,34.10220115659929,0.9096928834915161,0.9298317432403564,0.20667748153209686
SharpXR,Normal,34.29084034279998,0.903269350528717,0.9321284890174866,0.20341747999191284
SharpXR,Normal,33.52427472079284,0.8941870331764221,0.919839084148407,0.2075166404247284
SharpXR,Normal,32.652124129603216,0.888837993144989,0.926688015460968,0.19517093896865845
SharpXR,Normal,32.03262719155982,0.8842597603797913,0.9287634491920471,0.20403169095516205
SharpXR,Normal,32.150344304042015,0.8635388612747192,0.9073419570922852,0.2656000554561615
SharpXR,Normal,33.17207898076368,0.9077540636062622,0.9322543740272522,0.16089984774589539
SharpXR,Normal,33.99193624871741,0.9200531244277954,0.9369494318962097,0.19541046023368835
SharpXR,Normal,34.25407217836899,0.92158043384552,0.9368889331817627,0.20439647138118744
SharpXR,Normal,32.82957705721461,0.8919591903686523,0.9231363534927368,0.2095223069190979
SharpXR,Normal,32.20925669239907,0.8529089689254761,0.8958629369735718,0.2725876569747925
SharpXR,Normal,32.26522561181352,0.8785073161125183,0.923959493637085,0.20136480033397675
SharpXR,Normal,34.236454191074316,0.9058222770690918,0.9283068776130676,0.2463996857404709
SharpXR,Normal,32.22756064175772,0.8615623712539673,0.90692538022995,0.2375255525112152
SharpXR,Normal,33.1680584492189,0.9041712284088135,0.9318251609802246,0.1825653612613678
SharpXR,Normal,34.73867937563801,0.9081844687461853,0.9299777746200562,0.25064659118652344
SharpXR,Normal,33.26507516896754,0.9098609685897827,0.9346611499786377,0.17537187039852142
SharpXR,Normal,32.80409458548961,0.8930804133415222,0.924493670463562,0.18119198083877563
SharpXR,Normal,32.19784282898119,0.8717069625854492,0.9181470274925232,0.24310189485549927
SharpXR,Normal,33.58966116205502,0.9205382466316223,0.9370330572128296,0.16204193234443665
SharpXR,Normal,31.668691812436712,0.8398045897483826,0.895712673664093,0.27111390233039856
SharpXR,Normal,33.80320876152996,0.9072011709213257,0.9342421293258667,0.19613897800445557
SharpXR,Normal,32.37944270315836,0.889606773853302,0.9260075092315674,0.19832119345664978
SharpXR,Normal,34.19747047496058,0.9157007336616516,0.9312669634819031,0.193088561296463
SharpXR,Normal,32.55456000146669,0.9052019715309143,0.9280747175216675,0.19190260767936707
SharpXR,Normal,32.72635977518844,0.8871393799781799,0.9271489977836609,0.20994380116462708
SharpXR,Normal,32.48189335828197,0.8702954649925232,0.9121893644332886,0.2259095311164856
SharpXR,Normal,34.28821082190191,0.9104099869728088,0.9362931847572327,0.20128217339515686
SharpXR,Normal,33.52629551142281,0.8980599045753479,0.9286372065544128,0.2161310315132141
SharpXR,Bacterial,34.53745447129579,0.9171454310417175,0.9270428419113159,0.2669786810874939
SharpXR,Bacterial,32.68979733156192,0.8904840350151062,0.9171559810638428,0.2646331191062927
SharpXR,Bacterial,34.798234831609946,0.9170036911964417,0.931465208530426,0.2491842359304428
SharpXR,Bacterial,34.30776733731922,0.9185892343521118,0.9254781603813171,0.25663191080093384
SharpXR,Bacterial,34.828696841478134,0.9124586582183838,0.9225336909294128,0.3126079738140106
SharpXR,Bacterial,34.24267702303847,0.9225596785545349,0.9347569942474365,0.22743597626686096
SharpXR,Bacterial,34.54786166378809,0.9173704385757446,0.924877405166626,0.2630547881126404
SharpXR,Bacterial,33.4919820222088,0.9072616696357727,0.9201785922050476,0.29900139570236206
SharpXR,Bacterial,34.72089710954036,0.91759192943573,0.9265629649162292,0.26289743185043335
SharpXR,Bacterial,33.594896596329065,0.8983069658279419,0.915582537651062,0.28183168172836304
SharpXR,Bacterial,32.30280725089095,0.8818148970603943,0.910657525062561,0.22006796300411224
SharpXR,Bacterial,33.31064636268194,0.9103956818580627,0.9329147934913635,0.19937242567539215
SharpXR,Bacterial,33.97783032175806,0.9176462292671204,0.9375569820404053,0.22489681839942932
SharpXR,Bacterial,33.51593937005609,0.9135155081748962,0.932650089263916,0.23283958435058594
SharpXR,Bacterial,35.25879181309308,0.9276572465896606,0.9348765015602112,0.2373424470424652
SharpXR,Bacterial,35.411126297399164,0.9349648356437683,0.9317995309829712,0.2768491506576538
SharpXR,Bacterial,34.950240994807956,0.9120297431945801,0.9189980626106262,0.2753071188926697
SharpXR,Bacterial,32.66173649566359,0.8923133611679077,0.9198237061500549,0.22078728675842285
SharpXR,Bacterial,35.243331139080205,0.9194121360778809,0.9225115180015564,0.27636265754699707
SharpXR,Bacterial,34.31627544507967,0.9153042435646057,0.9292327165603638,0.2790762186050415
SharpXR,Bacterial,33.092631721361016,0.8886313438415527,0.9156738519668579,0.22514766454696655
SharpXR,Bacterial,33.393115176816664,0.9011030197143555,0.9203469157218933,0.2529605031013489
SharpXR,Bacterial,32.56868106887857,0.8847624659538269,0.9087443351745605,0.26019951701164246
SharpXR,Bacterial,33.89114713210235,0.9129546880722046,0.9228163361549377,0.2744028568267822
SharpXR,Bacterial,33.99389579290928,0.8934510946273804,0.9083043932914734,0.3204151690006256
SharpXR,Bacterial,34.11940939516739,0.8970470428466797,0.9204906821250916,0.2987423539161682
SharpXR,Bacterial,34.29668712489401,0.9178412556648254,0.9305498600006104,0.25978711247444153
SharpXR,Bacterial,32.14310610727796,0.8878121376037598,0.9163967370986938,0.208652064204216
SharpXR,Bacterial,35.884522919706825,0.9283078908920288,0.9315571784973145,0.25857073068618774
SharpXR,Bacterial,35.45612777626448,0.9267441630363464,0.9351993799209595,0.26900941133499146
SharpXR,Bacterial,35.23522896498123,0.9155987501144409,0.9264131784439087,0.2626710534095764
SharpXR,Bacterial,35.39791953495878,0.9282242059707642,0.932629406452179,0.2806147336959839
SharpXR,Bacterial,35.19463979182467,0.924031138420105,0.9267536401748657,0.26481130719184875
SharpXR,Bacterial,33.35029275665876,0.8876335024833679,0.910154402256012,0.2847099304199219
SharpXR,Bacterial,34.44310772098972,0.9028289914131165,0.9161192178726196,0.2925320267677307
SharpXR,Bacterial,34.52568011975641,0.9203283786773682,0.9332278966903687,0.24556732177734375
SharpXR,Bacterial,35.41674881490048,0.9336910843849182,0.9446350932121277,0.22022950649261475
SharpXR,Bacterial,34.480471882077126,0.9199159741401672,0.9298092126846313,0.21638214588165283
SharpXR,Bacterial,35.07086606212043,0.9239384531974792,0.9306626915931702,0.28837430477142334
SharpXR,Bacterial,35.22767468007463,0.929145872592926,0.9321291446685791,0.2561117708683014
SharpXR,Bacterial,33.48357530384598,0.8939510583877563,0.9169753193855286,0.2446591556072235
SharpXR,Bacterial,32.65118845219335,0.890643298625946,0.9148923754692078,0.27136117219924927
SharpXR,Bacterial,31.81024900925731,0.8763061165809631,0.9112603068351746,0.20352566242218018
SharpXR,Bacterial,33.5178133657152,0.8945050239562988,0.9114394187927246,0.28670796751976013
SharpXR,Bacterial,34.001886390071824,0.9010729193687439,0.919532299041748,0.27475595474243164
SharpXR,Bacterial,34.001687557516654,0.9101808071136475,0.9254823923110962,0.23966261744499207
SharpXR,Bacterial,34.96631643937976,0.9050900340080261,0.9207702875137329,0.25944918394088745
SharpXR,Bacterial,33.97522638386074,0.8903218507766724,0.9084912538528442,0.29963794350624084
SharpXR,Bacterial,32.93616062781898,0.8919989466667175,0.9125515222549438,0.27038586139678955
SharpXR,Bacterial,34.28638283816987,0.9103510975837708,0.9199150800704956,0.26647090911865234
SharpXR,Bacterial,32.173791764179846,0.8887425661087036,0.9087471961975098,0.32223600149154663
SharpXR,Bacterial,35.22924735351464,0.9192802309989929,0.9233916401863098,0.2926408052444458
SharpXR,Bacterial,33.14945569878917,0.909623920917511,0.9257950782775879,0.2502582371234894
SharpXR,Bacterial,33.09653967596863,0.8817184567451477,0.9150001406669617,0.2912752032279968
SharpXR,Bacterial,34.7974801800044,0.9200339317321777,0.9285148978233337,0.23931509256362915
SharpXR,Bacterial,33.56419822178918,0.8977910876274109,0.91395103931427,0.2516520023345947
SharpXR,Bacterial,35.10034941295663,0.9227238297462463,0.9289543032646179,0.27820372581481934
SharpXR,Bacterial,33.724297236408034,0.9045917987823486,0.9190202951431274,0.2716391384601593
SharpXR,Bacterial,33.05634700956953,0.889996349811554,0.9165546894073486,0.23350444436073303
SharpXR,Bacterial,35.31578260346714,0.9269930124282837,0.9338134527206421,0.2559410035610199
SharpXR,Bacterial,34.27227368264597,0.9146560430526733,0.929070234298706,0.2461184710264206
SharpXR,Bacterial,33.322615217386605,0.9105424284934998,0.9263941049575806,0.243341863155365
SharpXR,Bacterial,34.74532418332827,0.9229011535644531,0.9321444034576416,0.24774685502052307
SharpXR,Bacterial,34.00143251886006,0.9142401218414307,0.929423987865448,0.2629626393318176
SharpXR,Bacterial,31.603955968541012,0.870254397392273,0.8982722163200378,0.281113862991333
SharpXR,Bacterial,32.08038960292484,0.8825265169143677,0.9086704254150391,0.287703275680542
SharpXR,Bacterial,32.01409430795381,0.8940749764442444,0.911230742931366,0.2535785436630249
SharpXR,Bacterial,31.80319718067392,0.8640909194946289,0.9093046188354492,0.22153669595718384
SharpXR,Bacterial,33.53182418822164,0.8959264755249023,0.9184203743934631,0.23382686078548431
SharpXR,Bacterial,32.91785793587694,0.9111972451210022,0.9267846941947937,0.2741854190826416
SharpXR,Bacterial,34.26778723235302,0.9121779203414917,0.9214487671852112,0.27948665618896484
SharpXR,Bacterial,35.13344821033801,0.9205114245414734,0.9276067018508911,0.24771267175674438
SharpXR,Bacterial,33.46991039470775,0.9127749800682068,0.9248356819152832,0.2712780237197876
SharpXR,Bacterial,33.4165701480647,0.9137396812438965,0.9263085722923279,0.26907187700271606
SharpXR,Bacterial,33.27967362975312,0.8807821273803711,0.9198822975158691,0.24916553497314453
SharpXR,Bacterial,33.52951050586914,0.9049574732780457,0.9270085692405701,0.2311699241399765
SharpXR,Bacterial,32.04195877238851,0.8776772618293762,0.9150751233100891,0.21052414178848267
SharpXR,Bacterial,33.279492348598566,0.891986608505249,0.9164360165596008,0.2639876902103424
SharpXR,Bacterial,32.301438391617346,0.8971097469329834,0.9211657047271729,0.23384225368499756
SharpXR,Bacterial,34.355419705908474,0.9058492183685303,0.918787956237793,0.31169605255126953
SharpXR,Bacterial,33.34701427722757,0.8824237585067749,0.9118383526802063,0.24537062644958496
SharpXR,Bacterial,35.55070252924867,0.9294053912162781,0.9393365979194641,0.2783546447753906
SharpXR,Bacterial,35.06121636198942,0.923015296459198,0.9304506182670593,0.27297139167785645
SharpXR,Bacterial,34.8477743846002,0.9295067191123962,0.9252961277961731,0.3171992599964142
SharpXR,Bacterial,34.56922639025118,0.9206499457359314,0.9297700524330139,0.2425253689289093
SharpXR,Bacterial,34.448085319203145,0.9082112312316895,0.9209928512573242,0.2493090033531189
SharpXR,Bacterial,35.08950123418672,0.9227783679962158,0.9202461242675781,0.27408933639526367
SharpXR,Bacterial,31.474194285095937,0.8862143158912659,0.9165315628051758,0.26977109909057617
SharpXR,Bacterial,33.14110548977997,0.9022336006164551,0.9211835265159607,0.27278605103492737
SharpXR,Bacterial,33.10888510341859,0.9016911387443542,0.926772952079773,0.23154744505882263
SharpXR,Bacterial,32.28064680919427,0.8923057913780212,0.9207735657691956,0.23862488567829132
SharpXR,Bacterial,31.714930748373952,0.8914026021957397,0.9168047308921814,0.2282455861568451
SharpXR,Bacterial,33.25618153656225,0.9035791754722595,0.9225707650184631,0.2650071084499359
SharpXR,Bacterial,34.35493354600268,0.9259167313575745,0.9305696487426758,0.24690598249435425
SharpXR,Bacterial,34.61361302021442,0.9255165457725525,0.9324249029159546,0.2676354944705963
SharpXR,Bacterial,34.01666706926073,0.9158597588539124,0.9308488965034485,0.17793801426887512
SharpXR,Bacterial,35.68461533178063,0.9253197908401489,0.9268639087677002,0.2559245228767395
SharpXR,Bacterial,34.694828352139965,0.9322686195373535,0.9362848401069641,0.22656264901161194
SharpXR,Bacterial,35.527328636467765,0.9315693378448486,0.9343180060386658,0.24862036108970642
SharpXR,Bacterial,35.38871791647286,0.9320482611656189,0.9389753341674805,0.2382761538028717
SharpXR,Bacterial,35.42811454170828,0.9344590306282043,0.938765823841095,0.24249671399593353
SharpXR,Bacterial,32.828715821436354,0.8806391954421997,0.9165834784507751,0.2592141628265381
SharpXR,Bacterial,35.12860417335626,0.9257122874259949,0.9347971677780151,0.23703254759311676
SharpXR,Bacterial,33.89777805776375,0.9049513339996338,0.9186998009681702,0.2535536289215088
SharpXR,Bacterial,34.96072027829478,0.9173296689987183,0.9244515299797058,0.27620625495910645
SharpXR,Bacterial,33.26454389435149,0.9004450440406799,0.9235610365867615,0.19934159517288208
SharpXR,Bacterial,34.870212114954526,0.920228123664856,0.9268879294395447,0.25116807222366333
SharpXR,Bacterial,34.09211023237492,0.9295603632926941,0.930255115032196,0.25414514541625977
SharpXR,Bacterial,34.007340363977406,0.9167299866676331,0.9265484809875488,0.25264641642570496
SharpXR,Bacterial,34.50294605898515,0.9291447997093201,0.9258676767349243,0.28654319047927856
SharpXR,Bacterial,35.112713972942856,0.9225929975509644,0.9335263967514038,0.2691335082054138
SharpXR,Bacterial,33.859372550754465,0.9108172059059143,0.9249421954154968,0.28411543369293213
SharpXR,Bacterial,32.77188245955539,0.9033538103103638,0.9184797406196594,0.25458064675331116
SharpXR,Bacterial,34.71593730975432,0.9242135882377625,0.9348680973052979,0.2662201523780823
SharpXR,Bacterial,34.04697262734161,0.9005887508392334,0.9187612533569336,0.2705591022968292
SharpXR,Bacterial,35.489292067645685,0.9258123636245728,0.9344809055328369,0.25439760088920593
SharpXR,Bacterial,35.75458407830254,0.9301980137825012,0.9363007545471191,0.28964313864707947
SharpXR,Bacterial,32.54828842649941,0.8836541771888733,0.9203801155090332,0.2325127124786377
SharpXR,Bacterial,35.114667420293195,0.9217577576637268,0.9343056678771973,0.24401649832725525
SharpXR,Bacterial,33.8801881475281,0.9176379442214966,0.9321719408035278,0.23492662608623505
SharpXR,Bacterial,35.62865262853343,0.9170859456062317,0.9293997883796692,0.29660701751708984
SharpXR,Bacterial,34.61342799239506,0.9028669595718384,0.9238669872283936,0.2567424774169922
SharpXR,Bacterial,34.380545875170235,0.915063202381134,0.9267520904541016,0.23260852694511414
SharpXR,Bacterial,34.86668104147641,0.9046295881271362,0.921622633934021,0.26432928442955017
SharpXR,Bacterial,34.74706974480008,0.910762369632721,0.9212973713874817,0.3309645652770996
SharpXR,Bacterial,33.39669694982141,0.9001955389976501,0.9232037663459778,0.20638048648834229
SharpXR,Bacterial,34.099643090545364,0.9171822667121887,0.9258934259414673,0.2638120651245117
SharpXR,Bacterial,35.14485563394633,0.9246113896369934,0.932669460773468,0.24974319338798523
SharpXR,Bacterial,34.877139508708396,0.9187303185462952,0.9352518916130066,0.2880361080169678
SharpXR,Bacterial,33.31033430421155,0.9200195670127869,0.9394965171813965,0.22431102395057678
SharpXR,Bacterial,35.554851217593125,0.9287818074226379,0.9337634444236755,0.2357456088066101
SharpXR,Bacterial,31.89165208177958,0.8953123688697815,0.9181838035583496,0.23055429756641388
SharpXR,Bacterial,34.8398360557804,0.9247481822967529,0.9308492541313171,0.2787780463695526
SharpXR,Bacterial,33.28351620294006,0.9025063514709473,0.9237545728683472,0.2133391797542572
SharpXR,Bacterial,33.89925038760666,0.8994290828704834,0.9179702401161194,0.253507524728775
SharpXR,Bacterial,32.90431383384353,0.894324541091919,0.9189309477806091,0.21776649355888367
SharpXR,Bacterial,31.823681496699436,0.8775615096092224,0.9167529940605164,0.2084272801876068
SharpXR,Bacterial,34.467211419181844,0.9192980527877808,0.9303140640258789,0.23129548132419586
SharpXR,Bacterial,33.53497681480823,0.8902467489242554,0.9110132455825806,0.3255123794078827
SharpXR,Bacterial,34.493255056052874,0.914618730545044,0.9288201928138733,0.2542688250541687
SharpXR,Bacterial,33.47767242654786,0.903136134147644,0.9219383001327515,0.24385079741477966
SharpXR,Bacterial,34.25694989778772,0.921396791934967,0.9280663728713989,0.2625851035118103
SharpXR,Bacterial,32.65456295877608,0.9043777585029602,0.9223494529724121,0.26555830240249634
SharpXR,Bacterial,33.97764079991573,0.925087571144104,0.9246659874916077,0.2658488154411316
SharpXR,Bacterial,33.10001189481437,0.8907751441001892,0.9169865250587463,0.20741912722587585
SharpXR,Bacterial,33.99585241536642,0.9084542989730835,0.9265896677970886,0.25500166416168213
SharpXR,Bacterial,34.61903205260712,0.9256650805473328,0.9357635974884033,0.24986901879310608
SharpXR,Bacterial,32.06329388584586,0.8859299421310425,0.9188822507858276,0.21224766969680786
SharpXR,Bacterial,33.57653748222343,0.9078419804573059,0.9210476279258728,0.24800673127174377
SharpXR,Bacterial,32.34185462907691,0.8849165439605713,0.9065194725990295,0.2388991117477417
SharpXR,Bacterial,31.89755331412558,0.8884546756744385,0.9150933623313904,0.19656553864479065
SharpXR,Bacterial,31.852207295541213,0.8753370046615601,0.9167323708534241,0.23092149198055267
SharpXR,Bacterial,34.47936201621241,0.9216470122337341,0.9348440766334534,0.22008037567138672
SharpXR,Bacterial,34.684203138414674,0.927426815032959,0.9373484253883362,0.2126312553882599
SharpXR,Bacterial,33.00487366097946,0.9133687019348145,0.9320469498634338,0.17561650276184082
SharpXR,Bacterial,31.835739619782338,0.8738299608230591,0.9126026630401611,0.248421311378479
SharpXR,Bacterial,33.939082635326415,0.8996673822402954,0.9231760501861572,0.2278357744216919
SharpXR,Bacterial,32.33941839538194,0.8838902115821838,0.9107925891876221,0.3244421184062958
SharpXR,Bacterial,34.435247853459934,0.916724443435669,0.9275438189506531,0.26674991846084595
SharpXR,Bacterial,34.39173954746016,0.9039223790168762,0.9224546551704407,0.28534188866615295
SharpXR,Bacterial,34.72031392687398,0.9249607920646667,0.9347622394561768,0.25070273876190186
SharpXR,Bacterial,34.05127703848357,0.9166121482849121,0.9269797205924988,0.2380761057138443
SharpXR,Bacterial,32.23627857359951,0.8630039095878601,0.8975644707679749,0.286709189414978
SharpXR,Bacterial,35.85780237490828,0.9181816577911377,0.9234032034873962,0.29667389392852783
SharpXR,Bacterial,34.77883984863305,0.9084885120391846,0.9205119013786316,0.3122798204421997
SharpXR,Bacterial,32.792753543096865,0.894964337348938,0.9210395812988281,0.2706615626811981
SharpXR,Bacterial,33.600308038831336,0.9057636857032776,0.9210073947906494,0.22909259796142578
SharpXR,Bacterial,32.0559780183866,0.8737203478813171,0.9080137014389038,0.24723345041275024
SharpXR,Bacterial,34.90584553734935,0.9184024930000305,0.9242978096008301,0.278279185295105
SharpXR,Bacterial,34.16951567811327,0.9220702648162842,0.9299160838127136,0.24425920844078064
SharpXR,Bacterial,33.79273493741573,0.9052284955978394,0.9155206680297852,0.256771445274353
SharpXR,Bacterial,33.06263347676912,0.8846328258514404,0.9157606959342957,0.2821926474571228
SharpXR,Bacterial,35.98190772925333,0.9364885091781616,0.9377074241638184,0.22543209791183472
SharpXR,Bacterial,33.40896883355173,0.9097455143928528,0.9254875183105469,0.25366824865341187
SharpXR,Bacterial,33.84786669157192,0.9127978086471558,0.9278335571289062,0.23588043451309204
SharpXR,Bacterial,32.90685655552565,0.8958222270011902,0.9143123030662537,0.23748621344566345
SharpXR,Bacterial,32.00438396935808,0.8738979697227478,0.912965714931488,0.23270203173160553
SharpXR,Bacterial,33.49273593121942,0.8970149755477905,0.9133539795875549,0.2574463486671448
SharpXR,Bacterial,34.431543282441055,0.9134203195571899,0.9212252497673035,0.2620810866355896
SharpXR,Bacterial,31.86094650835598,0.8692832589149475,0.902538537979126,0.22809678316116333
SharpXR,Bacterial,35.40354690048601,0.9271529316902161,0.9285051822662354,0.27016347646713257
SharpXR,Bacterial,34.086995808263445,0.9095971584320068,0.922691285610199,0.29465675354003906
SharpXR,Bacterial,35.95571913633402,0.9346760511398315,0.9384874105453491,0.25802478194236755
SharpXR,Bacterial,34.39049823999518,0.9014668464660645,0.9169890880584717,0.24645614624023438
SharpXR,Bacterial,35.13173720613678,0.9184081554412842,0.9349753856658936,0.23096494376659393
SharpXR,Bacterial,34.02260973158278,0.9083784818649292,0.9326018691062927,0.18289528787136078
SharpXR,Bacterial,34.5739423552157,0.9235812425613403,0.9390867948532104,0.21223711967468262
SharpXR,Bacterial,34.094025639749134,0.9131637811660767,0.9335130453109741,0.22541403770446777
SharpXR,Bacterial,33.45883017128675,0.9026322960853577,0.9190611243247986,0.25470179319381714
SharpXR,Bacterial,34.2265452030457,0.9167386293411255,0.932265043258667,0.2570261061191559
SharpXR,Bacterial,34.26039718477096,0.9157407283782959,0.9304471611976624,0.2625299394130707
SharpXR,Bacterial,34.94201314232698,0.9158017635345459,0.9271553754806519,0.27533507347106934
SharpXR,Bacterial,36.55706977609238,0.9412356615066528,0.9352768063545227,0.27021893858909607
SharpXR,Bacterial,35.80392398597865,0.9260870218276978,0.9221113324165344,0.3267301321029663
SharpXR,Bacterial,35.043044214266956,0.917762279510498,0.929416835308075,0.3149031400680542
SharpXR,Bacterial,32.65447119265124,0.8833180665969849,0.9197230935096741,0.23305070400238037
SharpXR,Bacterial,35.382568854416895,0.9325904846191406,0.9366116523742676,0.2421046495437622
SharpXR,Bacterial,35.47305575445989,0.9240362048149109,0.921040952205658,0.28864938020706177
SharpXR,Bacterial,35.017650332154126,0.9225156307220459,0.9315515160560608,0.23801445960998535
SharpXR,Bacterial,33.40857038678229,0.8932375311851501,0.9124183654785156,0.2866995632648468
SharpXR,Bacterial,34.276116475403086,0.9148104190826416,0.9254500865936279,0.24129506945610046
SharpXR,Bacterial,33.237967582306766,0.9071645140647888,0.9228107333183289,0.24016112089157104
SharpXR,Bacterial,32.869020921615444,0.9022887945175171,0.92442387342453,0.17553088068962097
SharpXR,Bacterial,35.60640926962985,0.9191830158233643,0.9297613501548767,0.2164863497018814
SharpXR,Bacterial,32.42586124643847,0.8790928721427917,0.9044382572174072,0.28142696619033813
SharpXR,Bacterial,34.079685969048235,0.9055237770080566,0.9215507507324219,0.2695687413215637
SharpXR,Bacterial,32.99143844938148,0.8959762454032898,0.9207058548927307,0.2591540515422821
SharpXR,Bacterial,32.67279200926854,0.8874958157539368,0.917452871799469,0.24098485708236694
SharpXR,Bacterial,34.989737959731464,0.9230847358703613,0.9315927028656006,0.23465363681316376
SharpXR,Bacterial,34.650786053887984,0.9151157140731812,0.9268991947174072,0.2579580545425415
SharpXR,Bacterial,34.07239164103426,0.9127155542373657,0.9269704222679138,0.2466529756784439
SharpXR,Bacterial,34.597934863097954,0.9147124886512756,0.9258627891540527,0.2861676812171936
SharpXR,Bacterial,33.809598794439054,0.9138401746749878,0.9223563075065613,0.28778260946273804
SharpXR,Bacterial,35.37668697705315,0.9175488948822021,0.9205670356750488,0.2896343171596527
SharpXR,Bacterial,35.004350639821496,0.9180675745010376,0.9323468208312988,0.31703704595565796
SharpXR,Bacterial,33.164510989827384,0.8775413632392883,0.9148029088973999,0.2521519064903259
SharpXR,Bacterial,33.318599497999,0.9052941203117371,0.9230319261550903,0.2574448585510254
SharpXR,Bacterial,32.07375269423051,0.8732718229293823,0.9100049734115601,0.21960654854774475
SharpXR,Bacterial,33.082668727299655,0.8994684815406799,0.920204758644104,0.26313233375549316
SharpXR,Bacterial,35.2525379003873,0.9256379008293152,0.9312964677810669,0.24859793484210968
SharpXR,Bacterial,33.350289749500575,0.915232241153717,0.9294741153717041,0.2500237822532654
SharpXR,Bacterial,35.37167247590352,0.9252596497535706,0.9325131177902222,0.2759350538253784
SharpXR,Bacterial,31.737686583158677,0.8575322031974792,0.9087994694709778,0.27416539192199707
SharpXR,Bacterial,34.79747560213396,0.9181873798370361,0.9263877868652344,0.2861163318157196
SharpXR,Bacterial,34.918860642172625,0.9317728281021118,0.9319745898246765,0.25306737422943115
SharpXR,Bacterial,35.806421951489035,0.9348626732826233,0.9340428709983826,0.265353262424469
SharpXR,Bacterial,34.094168072108666,0.9095028042793274,0.9279146790504456,0.22847826778888702
SharpXR,Bacterial,33.88397511316757,0.9169224500656128,0.9301639795303345,0.20859818160533905
SharpXR,Bacterial,32.968344827017624,0.8904967904090881,0.9221319556236267,0.21171830594539642
SharpXR,Bacterial,35.04615246306384,0.9179248213768005,0.9250317215919495,0.2789621353149414
SharpXR,Bacterial,33.548525539836604,0.9025183916091919,0.9213890433311462,0.2475339025259018
SharpXR,Bacterial,34.786563477531175,0.916808009147644,0.9303942322731018,0.2637914717197418
SharpXR,Bacterial,33.85966979472529,0.9022290706634521,0.9211084842681885,0.27996087074279785
SharpXR,Bacterial,34.04295399887511,0.8929866552352905,0.9140933752059937,0.3314248025417328
SharpXR,Bacterial,34.41908111672444,0.9206398725509644,0.9327822923660278,0.22393099963665009
SharpXR,Bacterial,35.10744843370152,0.9177078604698181,0.9204184412956238,0.2747715413570404
SharpXR,Bacterial,33.69323289730004,0.9117128252983093,0.9194260239601135,0.2752315402030945
SharpXR,Bacterial,33.07838084100287,0.8862172961235046,0.9178413152694702,0.21379394829273224
SharpXR,Bacterial,33.49714619425514,0.8996224403381348,0.9234449863433838,0.20105412602424622
SharpXR,Bacterial,30.983675415867804,0.8801153898239136,0.9057499170303345,0.29337549209594727
SharpXR,Bacterial,32.77557865392917,0.9086886048316956,0.926872968673706,0.25252920389175415
SharpXR,Bacterial,31.651389517232253,0.8705894351005554,0.9059888124465942,0.23450160026550293
SharpXR,Viral,33.50443587978635,0.9046094417572021,0.931566596031189,0.2551025152206421
SharpXR,Viral,33.82004396654522,0.9164441823959351,0.9358890652656555,0.21890577673912048
SharpXR,Viral,33.57198835841972,0.909601092338562,0.9366195797920227,0.22951854765415192
SharpXR,Viral,34.29527592037581,0.9098343253135681,0.9249856472015381,0.23644042015075684
SharpXR,Viral,35.213141895929574,0.9230369925498962,0.9246701002120972,0.30449843406677246
SharpXR,Viral,33.63768816986182,0.9193017482757568,0.9306458830833435,0.26334792375564575
SharpXR,Viral,32.4422553833793,0.8760277032852173,0.9070386290550232,0.24173694849014282
SharpXR,Viral,34.14883115017257,0.9116849899291992,0.9234160780906677,0.26827147603034973
SharpXR,Viral,33.47891943597015,0.9132749438285828,0.91727215051651,0.30774417519569397
SharpXR,Viral,33.948862076517976,0.9046726226806641,0.9258326292037964,0.2688440680503845
SharpXR,Viral,34.45415381768547,0.9027209877967834,0.9176250696182251,0.30776533484458923
SharpXR,Viral,34.3480631857269,0.9056021571159363,0.9247275590896606,0.24927976727485657
SharpXR,Viral,33.765272296215485,0.9144296050071716,0.933781623840332,0.20464912056922913
SharpXR,Viral,34.33636176825579,0.9127868413925171,0.9344766139984131,0.22695131599903107
SharpXR,Viral,33.64014000543162,0.8951170444488525,0.9173138737678528,0.2923247218132019
SharpXR,Viral,33.32696909455159,0.8969797492027283,0.9238516092300415,0.26409271359443665
SharpXR,Viral,33.280284769752924,0.897628128528595,0.9253332614898682,0.25472041964530945
SharpXR,Viral,33.56572111745684,0.9025364518165588,0.9259816408157349,0.2399892508983612
SharpXR,Viral,33.61173125594915,0.898641049861908,0.9256060719490051,0.2529200315475464
SharpXR,Viral,33.069087921453324,0.9002397656440735,0.9273090958595276,0.22386674582958221
SharpXR,Viral,34.13266578577176,0.8980041742324829,0.9197785258293152,0.2938445508480072
SharpXR,Viral,33.86417213122628,0.9200192093849182,0.9350780248641968,0.1989355981349945
SharpXR,Viral,34.54827985389884,0.9153448939323425,0.9349962472915649,0.24490846693515778
SharpXR,Viral,34.47342780768865,0.9024109840393066,0.9214677810668945,0.24203409254550934
SharpXR,Viral,33.22243242038299,0.8827589154243469,0.9163689613342285,0.28851157426834106
SharpXR,Viral,32.81033459365383,0.8968862295150757,0.9236001968383789,0.20127440989017487
SharpXR,Viral,33.861621905108564,0.907742977142334,0.9316095113754272,0.22907984256744385
SharpXR,Viral,33.453269289371825,0.9092572331428528,0.9314014315605164,0.22688359022140503
SharpXR,Viral,33.28443133338453,0.8996343016624451,0.9245297312736511,0.25322943925857544
SharpXR,Viral,34.46652557881591,0.914036750793457,0.9306591749191284,0.2150554358959198
SharpXR,Viral,33.431343461912704,0.888043224811554,0.9175074696540833,0.2568756937980652
SharpXR,Viral,32.18939832997107,0.8754578828811646,0.9073771834373474,0.2500467598438263
SharpXR,Viral,34.853866748724144,0.9115452170372009,0.9263397455215454,0.28946453332901
SharpXR,Viral,32.83265824613504,0.891295313835144,0.9154218435287476,0.254169762134552
SharpXR,Viral,30.95570804670601,0.8795022368431091,0.9119390249252319,0.24572476744651794
SharpXR,Viral,33.477278886259086,0.9102582931518555,0.9336061477661133,0.20968303084373474
SharpXR,Viral,35.429759307468835,0.9189530611038208,0.9342403411865234,0.24766504764556885
SharpXR,Viral,32.771736974288864,0.9029117226600647,0.9258322715759277,0.25766870379447937
SharpXR,Viral,32.6455209748898,0.9031006097793579,0.922516942024231,0.20641237497329712
SharpXR,Viral,34.1329734976639,0.9073436856269836,0.9243971705436707,0.2539583444595337
SharpXR,Viral,34.58061073287133,0.9121140837669373,0.9310071468353271,0.24033278226852417
SharpXR,Viral,33.03640304346805,0.8968534469604492,0.9235561490058899,0.2542537748813629
SharpXR,Viral,32.60816097649997,0.8902816772460938,0.9179993867874146,0.19868044555187225
SharpXR,Viral,35.10265457521292,0.9338437914848328,0.9483779668807983,0.18664689362049103
SharpXR,Viral,34.412179124535854,0.918067991733551,0.9357895255088806,0.2421087622642517
SharpXR,Viral,34.261722911386485,0.9217143654823303,0.9338966012001038,0.20624925196170807
SharpXR,Viral,34.610340726985754,0.9211828112602234,0.9354438781738281,0.21669833362102509
SharpXR,Viral,35.0118990979409,0.9185242652893066,0.9377722144126892,0.2556312084197998
SharpXR,Viral,34.920788449728974,0.9195367693901062,0.935498833656311,0.2859172224998474
SharpXR,Viral,34.93846815396263,0.9229414463043213,0.9378177523612976,0.2312251776456833
SharpXR,Viral,34.32451354261404,0.903115451335907,0.925690770149231,0.2898631691932678
SharpXR,Viral,33.8822573447029,0.8913173079490662,0.9127993583679199,0.3165891766548157
SharpXR,Viral,33.882634033528774,0.9066771864891052,0.9256736636161804,0.25197723507881165
SharpXR,Viral,31.996473169425876,0.8436328768730164,0.8965877294540405,0.2880209684371948
SharpXR,Viral,34.172666598740086,0.9085547924041748,0.9316472411155701,0.24441324174404144
SharpXR,Viral,33.98000409689797,0.9179286956787109,0.9321051836013794,0.21857492625713348
SharpXR,Viral,33.84030574513238,0.9098841547966003,0.9261096119880676,0.2572215497493744
SharpXR,Viral,33.68426428996818,0.9083693623542786,0.927436888217926,0.2252770960330963
SharpXR,Viral,32.23728935910164,0.8894850611686707,0.9221121072769165,0.26258623600006104
SharpXR,Viral,33.24730127414435,0.9059343934059143,0.9263716340065002,0.23400291800498962
SharpXR,Viral,34.61303126959165,0.9056971669197083,0.9184793829917908,0.2905920147895813
SharpXR,Viral,33.17060566514654,0.8902872800827026,0.9183018803596497,0.3120611906051636
SharpXR,Viral,34.945269337453674,0.9135972261428833,0.9281952381134033,0.308845579624176
SharpXR,Viral,33.93255625606656,0.9188030362129211,0.934542179107666,0.1878393292427063
SharpXR,Viral,34.10387875559551,0.910291314125061,0.9304332137107849,0.22509658336639404
SharpXR,Viral,33.45621327202872,0.9033434391021729,0.9292805790901184,0.23055408895015717
SharpXR,Viral,35.01317422011033,0.9274231791496277,0.9389562606811523,0.21720212697982788
SharpXR,Viral,35.66235425260957,0.9302716255187988,0.9299811720848083,0.2853212058544159
SharpXR,Viral,32.79616915824774,0.9058453440666199,0.9211298227310181,0.22414705157279968
SharpXR,Viral,33.05163735804922,0.9083260893821716,0.9257507920265198,0.22990262508392334
SharpXR,Viral,34.73834066567263,0.912347674369812,0.9267680644989014,0.2751644253730774
SharpXR,Viral,34.52807202069618,0.9106093645095825,0.9259233474731445,0.27276313304901123
SharpXR,Viral,33.05384344568483,0.9010425209999084,0.9234125018119812,0.24506984651088715
SharpXR,Viral,35.78463821539754,0.9099227786064148,0.9238018989562988,0.3035750687122345
SharpXR,Viral,35.79993849250502,0.9109258651733398,0.9239068627357483,0.29724621772766113
SharpXR,Viral,33.630110318013365,0.904601514339447,0.9261864423751831,0.2513939142227173
SharpXR,Viral,34.44788503566856,0.9225239157676697,0.9333824515342712,0.2636408805847168
SharpXR,Viral,34.72830727137976,0.9206088185310364,0.927140474319458,0.23642736673355103
SharpXR,Viral,33.499907572807864,0.9010582566261292,0.9277191162109375,0.25391173362731934
SharpXR,Viral,33.2219411059097,0.9080812335014343,0.9309924244880676,0.22223827242851257
SharpXR,Viral,33.75944511519682,0.9015963077545166,0.9258988499641418,0.22316980361938477
SharpXR,Viral,34.46448849389105,0.9052824974060059,0.9217172861099243,0.24907851219177246
SharpXR,Viral,33.81496579919399,0.9136813282966614,0.9295862913131714,0.23438230156898499
SharpXR,Viral,34.71930216332077,0.9028390645980835,0.9212123155593872,0.3115503787994385
SharpXR,Viral,34.81404701501733,0.9163700342178345,0.9329537153244019,0.24313877522945404
SharpXR,Viral,33.650929966531166,0.9083596467971802,0.9231701493263245,0.22092695534229279
SharpXR,Viral,34.31303876247028,0.9176822304725647,0.9332693815231323,0.21755266189575195
SharpXR,Viral,33.829077926412275,0.906458854675293,0.930421769618988,0.21641996502876282
SharpXR,Viral,34.125227758910476,0.9154958724975586,0.9343157410621643,0.24195700883865356
SharpXR,Viral,34.56314976411732,0.9154458045959473,0.9280386567115784,0.2700510621070862
SharpXR,Viral,33.348699527925376,0.907208263874054,0.9310370087623596,0.24116156995296478
SharpXR,Viral,34.017888871953474,0.9230949282646179,0.9383563995361328,0.21468669176101685
SharpXR,Viral,33.42006159104517,0.9070887565612793,0.9267692565917969,0.23303943872451782
SharpXR,Viral,33.429954943460096,0.8887222409248352,0.9183323979377747,0.29742881655693054
SharpXR,Viral,33.227181206802136,0.9076184034347534,0.930412769317627,0.21527570486068726
SharpXR,Viral,34.28718632355428,0.909843921661377,0.9314398169517517,0.22195324301719666
SharpXR,Viral,33.27347617233939,0.8936340808868408,0.9193873405456543,0.27308112382888794
SharpXR,Viral,33.893366539073014,0.9097982048988342,0.9320441484451294,0.20829389989376068
SharpXR,Viral,35.31209480284835,0.930422306060791,0.9413987398147583,0.2825973629951477
SharpXR,Viral,34.295638874265805,0.919089138507843,0.9343645572662354,0.21719691157341003
SharpXR,Viral,33.81691678614901,0.9098451137542725,0.9298982620239258,0.24647241830825806
SharpXR,Viral,32.99697730377042,0.9062620997428894,0.9268377423286438,0.25859302282333374
SharpXR,Viral,35.002349396185316,0.9226210117340088,0.93930983543396,0.21045635640621185
SharpXR,Viral,33.592955804177386,0.914773166179657,0.9312998056411743,0.20043441653251648
SharpXR,Viral,33.88946923793101,0.9199497103691101,0.9368913769721985,0.211357980966568
SharpXR,Viral,33.86026157674421,0.9208508133888245,0.9349921345710754,0.19573275744915009
SharpXR,Viral,33.58478779267437,0.9007453918457031,0.9232492446899414,0.25160908699035645
SharpXR,Viral,33.871670281627516,0.8984271287918091,0.9191232919692993,0.251593679189682
SharpXR,Viral,34.99256127889296,0.9082000851631165,0.9230765700340271,0.29058369994163513
SharpXR,Viral,34.96177879049804,0.9199365973472595,0.9352282285690308,0.24878299236297607
SharpXR,Viral,34.02274058523108,0.8961073756217957,0.9144005179405212,0.28778257966041565
SharpXR,Viral,34.819945345500585,0.913428544998169,0.917933464050293,0.2615618109703064
SharpXR,Viral,33.280298758118796,0.8919938206672668,0.9191941618919373,0.26174068450927734
SharpXR,Viral,30.921985595568657,0.8618265390396118,0.9088165760040283,0.20498502254486084
SharpXR,Viral,33.59737329087968,0.9080749750137329,0.9244848489761353,0.2400461882352829
SharpXR,Viral,33.19000600230067,0.9087991118431091,0.9310096502304077,0.20765750110149384
SharpXR,Viral,33.51972029093535,0.9216927886009216,0.9330906867980957,0.1976083517074585
SharpXR,Viral,35.00547626951097,0.8933101892471313,0.9128698110580444,0.22905686497688293
SharpXR,Viral,35.05757965167493,0.918130099773407,0.937503457069397,0.24109508097171783
SharpXR,Viral,34.75800166591136,0.9176579713821411,0.9295638799667358,0.22797131538391113
SharpXR,Viral,34.126856742537576,0.9063951969146729,0.9273295402526855,0.3106112480163574
SharpXR,Viral,33.86121167080664,0.9093537330627441,0.9308334589004517,0.25538939237594604
SharpXR,Viral,32.56890805552245,0.8978313207626343,0.9227033853530884,0.2677363157272339
SharpXR,Viral,33.11140974084915,0.8984116315841675,0.929084300994873,0.2050524353981018
SharpXR,Viral,33.75518113414223,0.9020259976387024,0.9254387021064758,0.24621888995170593
SharpXR,Viral,34.645247346904696,0.9170678853988647,0.9363654851913452,0.24639981985092163
SharpXR,Viral,33.450073297146815,0.909863293170929,0.9308345317840576,0.23499861359596252
SharpXR,Viral,33.59428436666438,0.9163244962692261,0.9320712089538574,0.23445193469524384
SharpXR,Viral,34.05649493028628,0.9229478240013123,0.9370402097702026,0.20836755633354187
SharpXR,Viral,34.67169522387288,0.9175509214401245,0.9304426908493042,0.24329620599746704
SharpXR,Viral,34.33625301945798,0.9060134887695312,0.9296592473983765,0.2596851587295532
SharpXR,Viral,34.718745044549394,0.916615903377533,0.9381293654441833,0.2255288064479828
SharpXR,Viral,34.767739852975936,0.9189141988754272,0.9273215532302856,0.28026556968688965
SharpXR,Viral,34.51520648233738,0.9234794974327087,0.9332317113876343,0.25849905610084534
SharpXR,Viral,35.246733792585104,0.9240090847015381,0.9359504580497742,0.24050673842430115
SharpXR,Viral,32.98381268378058,0.9053914546966553,0.9274133443832397,0.2172413021326065
SharpXR,Viral,32.800151499726134,0.8957012295722961,0.9247097969055176,0.2348894625902176
SharpXR,Viral,33.94827754989159,0.9089014530181885,0.9340236186981201,0.2347314953804016
SharpXR,Viral,34.50822117003586,0.9153221845626831,0.932320237159729,0.2699379026889801
SharpXR,Viral,34.936181532128415,0.9140896797180176,0.9269628524780273,0.24218443036079407
SharpXR,Viral,34.646359902615444,0.9196277260780334,0.9305640459060669,0.2392154335975647
SharpXR,Viral,33.786300435536084,0.8997354507446289,0.9249165654182434,0.27068251371383667
SharpXR,Viral,33.23214269855874,0.8998498916625977,0.9244350790977478,0.24144859611988068
SharpXR,Viral,33.490276676531025,0.8995517492294312,0.9265230298042297,0.23636630177497864
SharpXR,Viral,33.66709814474114,0.9116915464401245,0.9316463470458984,0.2187855988740921
SharpXR,Viral,35.8183971907347,0.9281633496284485,0.9373297095298767,0.3022928535938263
SharpXR,Viral,34.075746169444855,0.9084707498550415,0.9315126538276672,0.2418903112411499
SharpXR,Viral,34.19202246040215,0.9074946045875549,0.9278414249420166,0.2374766618013382
